Date,Max Temp (C),Min Temp (C)
2015-01-01,0.0,-11.6
2015-01-02,1.1,-3.8
2015-01-03,-1.6,-8.2
2015-01-04,7.2,-1.6
2015-01-05,4.4,-11.6
2015-01-06,-8.8,-16.0
2015-01-07,-7.7,-19.9
2015-01-08,-8.2,-22.1
2015-01-09,-2.7,-9.9
2015-01-10,-7.7,-20.5
2015-01-11,-2.1,-19.9
2015-01-12,1.1,-3.2
2015-01-13,-1.6,-24.9
2015-01-14,-4.3,-26.6
2015-01-15,-3.2,-19.3
2015-01-16,0.0,-15.5
2015-01-17,-3.8,-22.7
2015-01-18,6.7,-4.3
2015-01-19,2.2,-2.7
2015-01-20,-2.1,-11.0
2015-01-21,-3.8,-14.9
2015-01-22,-0.5,-7.7
2015-01-23,0.0,-7.7
2015-01-24,1.1,-6.6
2015-01-25,0.6,-13.2
2015-01-26,-5.5,-14.3
2015-01-27,-7.1,-13.2
2015-01-28,-6.6,-18.8
2015-01-29,2.8,-23.2
2015-01-30,-1.0,-12.7
2015-01-31,-10.5,-18.8
2015-02-01,-3.2,-15.5
2015-02-02,-7.7,-16.6
2015-02-03,-6.6,-25.5
2015-02-04,-0.5,-22.1
2015-02-05,-1.0,-17.7
2015-02-06,-6.6,-28.8
2015-02-07,-3.2,-6.6
2015-02-08,-2.7,-7.7
2015-02-09,-4.9,-7.7
2015-02-10,0.0,-9.3
2015-02-11,-1.6,-21.6
2015-02-12,-2.1,-12.1
2015-02-13,-12.1,-20.5
2015-02-14,-7.1,-22.7
2015-02-15,-8.2,-21.6
2015-02-16,-11.6,-23.8
2015-02-17,-5.5,-18.8
2015-02-18,-1.0,-25.5
2015-02-19,-8.2,-16.0
2015-02-20,-11.0,-22.1
2015-02-21,-2.7,-26.0
2015-02-22,2.2,-4.9
2015-02-23,-3.2,-17.7
2015-02-24,-6.0,-24.3
2015-02-25,-1.6,-18.2
2015-02-26,-6.6,-13.8
2015-02-27,-6.0,-19.9
2015-02-28,-3.8,-22.1
2015-03-01,-3.2,-21.6
2015-03-02,-1.6,-6.6
2015-03-03,1.1,-17.7
2015-03-04,2.8,0.0
2015-03-05,0.0,-13.2
2015-03-06,-3.8,-22.7
2015-03-07,1.1,-19.9
2015-03-08,2.2,-9.9
2015-03-09,5.6,-11.0
2015-03-10,10.6,-9.3
2015-03-11,9.4,2.2
2015-03-12,3.9,-4.9
2015-03-13,5.0,-11.6
2015-03-14,3.9,-1.6
2015-03-15,3.9,-1.6
2015-03-16,6.1,-3.8
2015-03-17,5.6,-3.2
2015-03-18,-2.1,-8.2
2015-03-19,0.6,-9.9
2015-03-20,0.6,-8.8
2015-03-21,6.7,-3.2
2015-03-22,0.0,-9.3
2015-03-23,-3.2,-10.5
2015-03-24,2.8,-12.1
2015-03-25,10.6,-10.5
2015-03-26,10.6,0.0
2015-03-27,4.4,0.0
2015-03-28,0.0,-5.5
2015-03-29,3.9,-13.2
2015-03-30,5.0,-2.7
2015-03-31,6.7,-2.7
2015-04-01,6.7,-5.5
2015-04-02,16.7,-6.6
2015-04-03,16.1,3.9
2015-04-04,6.1,0.0
2015-04-05,3.3,0.0
2015-04-06,16.1,-0.5
2015-04-07,7.8,0.0
2015-04-08,3.9,-0.5
2015-04-09,2.8,0.0
2015-04-10,12.8,1.7
2015-04-11,8.3,-0.5
2015-04-12,18.9,-3.2
2015-04-13,22.2,-2.1
2015-04-14,18.9,1.7
2015-04-15,17.8,-3.2
2015-04-16,20.6,-4.3
2015-04-17,16.7,4.4
2015-04-18,22.8,0.6
2015-04-19,18.3,-1.0
2015-04-20,10.0,4.4
2015-04-21,14.4,2.2
2015-04-22,16.1,0.0
2015-04-23,7.2,0.6
2015-04-24,4.4,0.6
2015-04-25,12.2,-2.1
2015-04-26,12.2,3.9
2015-04-27,13.3,5.6
2015-04-28,16.1,2.8
2015-04-29,20.6,0.0
2015-04-30,16.7,5.0
2015-05-01,15.6,3.9
2015-05-02,23.3,1.7
2015-05-03,24.4,2.8
2015-05-04,28.3,4.4
2015-05-05,23.9,8.9
2015-05-06,25.0,7.2
2015-05-07,27.8,3.3
2015-05-08,31.1,7.8
2015-05-09,26.7,12.2
2015-05-10,30.0,16.1
2015-05-11,30.6,15.0
2015-05-12,26.7,11.7
2015-05-13,15.6,1.7
2015-05-14,18.9,-1.0
2015-05-15,23.3,1.1
2015-05-16,25.6,11.7
2015-05-17,27.8,12.2
2015-05-18,26.7,11.1
2015-05-19,25.6,11.7
2015-05-20,13.3,4.4
2015-05-21,18.3,2.8
2015-05-22,18.9,6.1
2015-05-23,16.1,2.2
2015-05-24,26.1,1.1
2015-05-25,28.3,8.3
2015-05-26,28.9,16.7
2015-05-27,30.6,17.8
2015-05-28,27.8,12.2
2015-05-29,27.8,9.4
2015-05-30,29.4,15.0
2015-05-31,21.7,10.0
2015-06-01,11.7,8.3
2015-06-02,13.3,7.8
2015-06-03,21.1,6.1
2015-06-04,21.1,8.3
2015-06-05,25.6,12.2
2015-06-06,19.4,5.0
2015-06-07,23.3,1.7
2015-06-08,24.4,15.6
2015-06-09,25.6,16.1
2015-06-10,26.1,14.4
2015-06-11,26.7,14.4
2015-06-12,30.0,12.8
2015-06-13,26.1,14.4
2015-06-14,27.8,12.8
2015-06-15,19.4,15.6
2015-06-16,24.4,15.6
2015-06-17,23.3,12.8
2015-06-18,22.8,12.8
2015-06-19,25.6,9.4
2015-06-20,23.9,6.7
2015-06-21,27.8,17.2
2015-06-22,27.2,15.0
2015-06-23,28.9,16.1
2015-06-24,25.0,12.2
2015-06-25,25.0,10.6
2015-06-26,24.4,10.6
2015-06-27,21.7,9.4
2015-06-28,16.1,12.2
2015-06-29,21.1,11.7
2015-06-30,22.8,11.1
2015-07-01,25.6,17.2
2015-07-02,23.9,11.1
2015-07-03,24.4,8.3
2015-07-04,20.6,10.6
2015-07-05,26.1,13.3
2015-07-06,28.3,11.7
2015-07-07,26.1,17.2
2015-07-08,25.6,15.6
2015-07-09,25.0,15.0
2015-07-10,26.1,15.0
2015-07-11,28.3,12.8
2015-07-12,28.9,12.2
2015-07-13,28.9,15.0
2015-07-14,27.2,15.6
2015-07-15,22.8,8.9
2015-07-16,23.3,6.7
2015-07-17,26.1,7.8
2015-07-18,28.3,17.8
2015-07-19,30.6,18.3
2015-07-20,28.9,17.2
2015-07-21,28.9,15.6
2015-07-22,25.6,13.3
2015-07-23,24.4,11.7
2015-07-24,26.1,9.4
2015-07-25,27.2,12.2
2015-07-26,28.3,17.8
2015-07-27,28.3,17.2
2015-07-28,30.6,16.7
2015-07-29,32.2,15.6
2015-07-30,30.0,16.7
2015-07-31,27.2,15.0
2015-08-01,27.2,14.4
2015-08-02,27.8,10.6
2015-08-03,30.6,15.6
2015-08-04,27.2,13.9
2015-08-05,25.0,11.7
2015-08-06,24.4,11.7
2015-08-07,25.6,10.0
2015-08-08,26.1,10.6
2015-08-09,27.2,11.7
2015-08-10,27.2,14.4
2015-08-11,23.9,18.3
2015-08-12,25.6,17.2
2015-08-13,24.4,12.8
2015-08-14,28.3,11.1
2015-08-15,28.9,17.2
2015-08-16,28.3,17.2
2015-08-17,30.6,15.6
2015-08-18,32.2,17.2
2015-08-19,30.0,17.8
2015-08-20,28.9,20.6
2015-08-21,25.6,13.3
2015-08-22,26.7,11.7
2015-08-23,26.1,13.3
2015-08-24,28.3,15.0
2015-08-25,28.3,15.0
2015-08-26,23.9,13.9
2015-08-27,23.3,11.1
2015-08-28,23.9,9.4
2015-08-29,25.6,8.3
2015-08-30,27.2,12.8
2015-08-31,28.3,14.4
2015-09-01,28.9,13.9
2015-09-02,28.9,11.7
2015-09-03,30.6,15.6
2015-09-04,26.1,16.1
2015-09-05,27.8,11.7
2015-09-06,30.0,9.4
2015-09-07,31.7,13.3
2015-09-08,32.2,16.1
2015-09-09,31.7,18.3
2015-09-10,22.2,16.7
2015-09-11,24.4,11.7
2015-09-12,24.4,10.0
2015-09-13,21.1,12.8
2015-09-14,18.3,10.6
2015-09-15,25.0,7.8
2015-09-16,28.3,9.4
2015-09-17,27.8,11.7
2015-09-18,27.8,10.0
2015-09-19,26.1,11.7
2015-09-20,21.7,5.6
2015-09-21,19.4,4.4
2015-09-22,20.0,7.2
2015-09-23,23.3,5.6
2015-09-24,25.0,5.6
2015-09-25,21.7,6.1
2015-09-26,19.4,6.7
2015-09-27,22.2,3.3
2015-09-28,23.9,7.8
2015-09-29,26.1,17.8
2015-09-30,20.0,8.3
2015-10-01,13.9,8.3
2015-10-02,11.1,7.2
2015-10-03,11.1,8.3
2015-10-04,15.6,5.6
2015-10-05,17.2,1.7
2015-10-06,18.9,3.9
2015-10-07,18.9,6.7
2015-10-08,17.2,5.6
2015-10-09,17.2,6.1
2015-10-10,13.3,1.7
2015-10-11,20.0,1.1
2015-10-12,25.0,2.2
2015-10-13,21.1,8.9
2015-10-14,15.0,5.6
2015-10-15,15.0,0.6
2015-10-16,13.3,2.8
2015-10-17,8.9,-0.5
2015-10-18,5.0,-5.5
2015-10-19,8.3,-7.7
2015-10-20,18.9,3.9
2015-10-21,16.1,7.2
2015-10-22,21.7,8.9
2015-10-23,9.4,-3.2
2015-10-24,8.3,-4.3
2015-10-25,12.8,3.9
2015-10-26,11.1,-2.7
2015-10-27,13.3,-4.3
2015-10-28,15.0,1.1
2015-10-29,21.7,7.2
2015-10-30,11.7,0.0
2015-10-31,11.7,-3.8
2015-11-01,16.1,6.7
2015-11-02,16.1,2.2
2015-11-03,20.6,0.0
2015-11-04,21.7,0.0
2015-11-05,23.9,3.9
2015-11-06,22.8,10.6
2015-11-07,16.1,7.2
2015-11-08,10.6,-0.5
2015-11-09,13.9,-3.8
2015-11-10,14.4,-2.1
2015-11-11,8.9,5.6
2015-11-12,13.3,8.3
2015-11-13,11.1,3.3
2015-11-14,5.0,1.1
2015-11-15,12.8,-0.5
2015-11-16,13.9,-2.1
2015-11-17,8.9,-6.6
2015-11-18,10.0,-6.6
2015-11-19,15.0,7.2
2015-11-20,13.3,-1.6
2015-11-21,8.9,-4.3
2015-11-22,8.9,1.7
2015-11-23,2.2,-7.7
2015-11-24,5.6,-8.2
2015-11-25,7.8,-7.1
2015-11-26,11.7,-0.5
2015-11-27,17.2,6.1
2015-11-28,14.4,0.0
2015-11-29,3.3,-4.9
2015-11-30,3.9,-7.7
2015-12-01,4.4,-6.0
2015-12-02,10.0,4.4
2015-12-03,10.0,2.2
2015-12-04,5.6,1.7
2015-12-05,7.8,-3.2
2015-12-06,10.0,-3.2
2015-12-07,7.8,-5.5
2015-12-08,6.1,-4.9
2015-12-09,7.8,-3.8
2015-12-10,12.2,3.3
2015-12-11,15.0,3.9
2015-12-12,13.9,6.7
2015-12-13,10.6,7.8
2015-12-14,17.2,9.4
2015-12-15,15.6,5.0
2015-12-16,8.3,0.0
2015-12-17,10.0,3.9
2015-12-18,10.0,0.6
2015-12-19,1.7,-1.0
2015-12-20,1.1,-3.2
2015-12-21,8.3,-2.7
2015-12-22,13.3,2.2
2015-12-23,13.9,2.2
2015-12-24,21.1,5.0
2015-12-25,15.0,0.6
2015-12-26,10.0,-1.0
2015-12-27,11.7,0.6
2015-12-28,0.6,-6.0
2015-12-29,1.1,-4.9
2015-12-30,3.9,0.6
2015-12-31,4.4,1.7
2016-01-01,1.7,-1.6
2016-01-02,0.6,-2.1
2016-01-03,2.8,-6.0
2016-01-04,0.6,-15.5
2016-01-05,-7.7,-16.0
2016-01-06,2.8,-16.0
2016-01-07,5.6,-12.7
2016-01-08,3.3,-11.0
2016-01-09,3.9,1.7
2016-01-10,13.3,1.7
2016-01-11,1.7,-7.7
2016-01-12,0.0,-8.2
2016-01-13,-4.9,-11.0
2016-01-14,-2.1,-11.6
2016-01-15,5.6,-7.7
2016-01-16,3.9,0.0
2016-01-17,0.6,-3.2
2016-01-18,-3.2,-10.5
2016-01-19,-6.6,-11.6
2016-01-20,-2.1,-9.9
2016-01-21,-2.1,-11.6
2016-01-22,-3.2,-13.8
2016-01-23,-2.1,-10.5
2016-01-24,-3.8,-12.7
2016-01-25,2.8,-11.0
2016-01-26,7.8,-3.2
2016-01-27,5.0,-5.5
2016-01-28,5.0,-10.5
2016-01-29,1.1,-4.3
2016-01-30,3.9,-4.9
2016-01-31,10.6,-1.6
2016-02-01,11.7,-2.1
2016-02-02,7.2,-3.2
2016-02-03,17.8,1.1
2016-02-04,15.0,-1.6
2016-02-05,1.7,-8.8
2016-02-06,4.4,-9.9
2016-02-07,7.2,-3.2
2016-02-08,1.1,-6.0
2016-02-09,0.6,-7.7
2016-02-10,1.7,-6.6
2016-02-11,-3.8,-14.9
2016-02-12,-5.5,-18.2
2016-02-13,-9.3,-24.3
2016-02-14,-15.5,-27.1
2016-02-15,-4.3,-23.8
2016-02-16,12.8,-4.9
2016-02-17,0.6,-1.0
2016-02-18,-1.0,-9.3
2016-02-19,3.9,-12.7
2016-02-20,13.9,0.6
2016-02-21,9.4,0.0
2016-02-22,3.3,-7.1
2016-02-23,2.8,-7.7
2016-02-24,10.0,-0.5
2016-02-25,16.1,0.0
2016-02-26,0.0,-7.1
2016-02-27,2.8,-8.8
2016-02-28,12.8,-1.6
2016-02-29,10.0,-2.1
2016-03-01,5.6,-6.0
2016-03-02,7.2,-7.1
2016-03-03,-1.6,-9.3
2016-03-04,1.7,-8.8
2016-03-05,0.6,-8.8
2016-03-06,4.4,-7.1
2016-03-07,10.0,-4.3
2016-03-08,16.7,-2.7
2016-03-09,25.6,4.4
2016-03-10,18.9,10.0
2016-03-11,11.7,-0.5
2016-03-12,16.1,-4.3
2016-03-13,13.9,1.1
2016-03-14,9.4,2.2
2016-03-15,10.0,1.7
2016-03-16,17.8,0.0
2016-03-17,15.6,3.9
2016-03-18,7.2,-1.6
2016-03-19,3.9,-6.0
2016-03-20,3.9,-9.9
2016-03-21,7.2,-2.1
2016-03-22,9.4,-2.7
2016-03-23,14.4,2.8
2016-03-24,11.1,2.2
2016-03-25,13.3,1.7
2016-03-26,12.2,-1.0
2016-03-27,15.6,-1.6
2016-03-28,7.8,3.3
2016-03-29,7.2,-3.2
2016-03-30,14.4,-6.6
2016-03-31,20.6,7.2
2016-04-01,23.3,7.2
2016-04-02,11.7,2.2
2016-04-03,2.8,-4.9
2016-04-04,-3.2,-8.2
2016-04-05,0.6,-17.7
2016-04-06,6.7,-11.6
2016-04-07,14.4,4.4
2016-04-08,5.6,-0.5
2016-04-09,7.2,-3.2
2016-04-10,6.7,-4.3
2016-04-11,10.6,3.3
2016-04-12,12.2,2.2
2016-04-13,11.1,-2.7
2016-04-14,13.9,-3.2
2016-04-15,16.7,-4.3
2016-04-16,18.9,-2.7
2016-04-17,23.3,-2.1
2016-04-18,24.4,0.0
2016-04-19,16.1,6.7
2016-04-20,15.0,1.1
2016-04-21,24.4,-2.1
2016-04-22,22.8,11.1
2016-04-23,15.6,0.0
2016-04-24,13.3,-2.1
2016-04-25,13.3,5.0
2016-04-26,8.9,1.7
2016-04-27,13.9,-1.0
2016-04-28,13.9,-2.7
2016-04-29,16.1,4.4
2016-04-30,18.3,7.2
2016-05-01,10.0,5.0
2016-05-02,10.0,5.0
2016-05-03,11.7,7.2
2016-05-04,9.4,7.8
2016-05-05,12.8,7.2
2016-05-06,19.4,8.9
2016-05-07,13.9,8.3
2016-05-08,13.9,7.8
2016-05-09,14.4,0.0
2016-05-10,18.9,-2.1
2016-05-11,22.8,0.0
2016-05-12,27.8,2.2
2016-05-13,19.4,10.0
2016-05-14,21.7,6.7
2016-05-15,10.0,3.3
2016-05-16,12.8,2.8
2016-05-17,18.3,5.6
2016-05-18,20.0,1.1
2016-05-19,20.6,5.6
2016-05-20,22.2,2.8
2016-05-21,21.1,3.9
2016-05-22,22.8,8.3
2016-05-23,26.1,6.7
2016-05-24,19.4,11.7
2016-05-25,29.4,11.1
2016-05-26,30.0,10.6
2016-05-27,30.6,17.8
2016-05-28,31.7,17.8
2016-05-29,26.7,16.1
2016-05-30,28.3,16.1
2016-05-31,26.7,11.1
2016-06-01,27.8,7.8
2016-06-02,26.7,15.6
2016-06-03,25.6,14.4
2016-06-04,27.2,13.3
2016-06-05,21.1,14.4
2016-06-06,26.1,12.2
2016-06-07,22.8,11.1
2016-06-08,17.8,10.6
2016-06-09,16.1,9.4
2016-06-10,22.2,7.8
2016-06-11,16.7,5.0
2016-06-12,21.7,10.6
2016-06-13,18.3,9.4
2016-06-14,23.3,7.8
2016-06-15,26.7,6.7
2016-06-16,28.3,11.7
2016-06-17,26.1,11.1
2016-06-18,28.9,11.1
2016-06-19,30.6,12.8
2016-06-20,30.6,15.6
2016-06-21,25.0,10.6
2016-06-22,22.8,7.8
2016-06-23,26.1,6.7
2016-06-24,27.2,6.7
2016-06-25,29.4,8.9
2016-06-26,30.6,12.2
2016-06-27,26.7,16.1
2016-06-28,27.8,17.8
2016-06-29,26.1,14.4
2016-06-30,26.7,12.8
2016-07-01,27.2,11.7
2016-07-02,22.2,13.3
2016-07-03,25.6,10.0
2016-07-04,27.8,8.9
2016-07-05,28.9,17.2
2016-07-06,31.1,14.4
2016-07-07,30.6,17.2
2016-07-08,29.4,17.8
2016-07-09,18.3,15.0
2016-07-10,22.2,15.6
2016-07-11,24.4,12.8
2016-07-12,28.3,10.6
2016-07-13,30.6,17.2
2016-07-14,29.4,20.0
2016-07-15,30.0,18.9
2016-07-16,27.2,15.6
2016-07-17,27.8,16.7
2016-07-18,28.9,16.7
2016-07-19,23.9,10.6
2016-07-20,25.0,8.3
2016-07-21,28.9,9.4
2016-07-22,31.7,15.0
2016-07-23,30.6,15.0
2016-07-24,28.9,13.3
2016-07-25,31.7,14.4
2016-07-26,29.4,16.7
2016-07-27,31.1,13.9
2016-07-28,30.6,13.9
2016-07-29,29.4,15.0
2016-07-30,28.3,12.8
2016-07-31,22.2,16.7
2016-08-01,22.2,18.9
2016-08-02,23.9,13.9
2016-08-03,27.2,12.8
2016-08-04,28.3,11.7
2016-08-05,28.9,13.3
2016-08-06,28.9,16.7
2016-08-07,26.7,12.8
2016-08-08,26.7,12.2
2016-08-09,28.9,10.0
2016-08-10,28.3,18.3
2016-08-11,32.2,20.6
2016-08-12,30.0,21.1
2016-08-13,32.8,20.6
2016-08-14,30.6,21.1
2016-08-15,26.7,17.2
2016-08-16,27.8,16.7
2016-08-17,25.6,15.6
2016-08-18,28.9,14.4
2016-08-19,27.2,12.8
2016-08-20,29.4,10.6
2016-08-21,27.2,17.2
2016-08-22,21.1,10.0
2016-08-23,24.4,7.2
2016-08-24,28.3,10.6
2016-08-25,27.8,16.1
2016-08-26,28.9,15.6
2016-08-27,28.9,12.8
2016-08-28,29.4,14.4
2016-08-29,26.7,12.8
2016-08-30,26.1,9.4
2016-08-31,25.0,13.3
2016-09-01,25.6,12.2
2016-09-02,23.3,8.9
2016-09-03,23.9,8.3
2016-09-04,25.6,8.3
2016-09-05,27.8,8.9
2016-09-06,26.1,12.2
2016-09-07,26.1,16.1
2016-09-08,28.9,13.9
2016-09-09,28.9,16.7
2016-09-10,27.2,17.8
2016-09-11,25.6,9.4
2016-09-12,22.8,6.7
2016-09-13,26.7,7.8
2016-09-14,25.6,9.4
2016-09-15,20.6,5.6
2016-09-16,22.8,3.9
2016-09-17,24.4,9.4
2016-09-18,23.9,17.8
2016-09-19,24.4,18.3
2016-09-20,27.2,13.9
2016-09-21,23.9,10.6
2016-09-22,28.3,8.3
2016-09-23,25.0,12.2
2016-09-24,17.8,4.4
2016-09-25,16.1,2.2
2016-09-26,18.9,0.0
2016-09-27,21.1,8.3
2016-09-28,16.7,6.7
2016-09-29,18.3,11.1
2016-09-30,15.6,10.0
2016-10-01,14.4,10.0
2016-10-02,16.1,11.1
2016-10-03,21.7,10.6
2016-10-04,16.1,8.9
2016-10-05,20.6,6.1
2016-10-06,22.8,2.8
2016-10-07,25.0,4.4
2016-10-08,18.9,7.2
2016-10-09,13.3,7.8
2016-10-10,11.7,0.6
2016-10-11,20.6,-1.6
2016-10-12,20.6,5.6
2016-10-13,19.4,6.7
2016-10-14,12.8,-1.6
2016-10-15,17.2,-3.2
2016-10-16,20.6,4.4
2016-10-17,20.0,13.3
2016-10-18,27.8,13.3
2016-10-19,22.8,6.1
2016-10-20,17.2,4.4
2016-10-21,21.7,10.6
2016-10-22,10.6,2.8
2016-10-23,12.2,4.4
2016-10-24,10.0,5.6
2016-10-25,7.2,1.7
2016-10-26,5.6,-3.2
2016-10-27,3.9,-4.3
2016-10-28,5.6,3.3
2016-10-29,16.7,2.8
2016-10-30,16.1,5.0
2016-10-31,8.3,-3.8
2016-11-01,13.3,-4.9
2016-11-02,19.4,3.9
2016-11-03,13.9,8.9
2016-11-04,11.1,-1.6
2016-11-05,12.2,-2.1
2016-11-06,10.6,0.6
2016-11-07,10.6,-4.3
2016-11-08,17.8,-4.9
2016-11-09,8.9,0.0
2016-11-10,10.0,0.0
2016-11-11,11.1,-0.5
2016-11-12,6.1,-2.1
2016-11-13,13.3,-3.8
2016-11-14,15.6,-7.1
2016-11-15,10.6,-1.0
2016-11-16,9.4,1.1
2016-11-17,10.6,1.1
2016-11-18,15.0,-1.0
2016-11-19,18.3,-2.7
2016-11-20,7.8,-2.7
2016-11-21,-1.0,-3.2
2016-11-22,0.0,-2.1
2016-11-23,1.1,-6.0
2016-11-24,2.8,-4.3
2016-11-25,7.2,1.1
2016-11-26,4.4,1.1
2016-11-27,3.9,0.0
2016-11-28,6.1,-6.0
2016-11-29,12.8,0.0
2016-11-30,11.7,6.1
2016-12-01,8.9,4.4
2016-12-02,8.3,2.8
2016-12-03,3.9,-0.5
2016-12-04,1.1,-6.6
2016-12-05,4.4,-2.7
2016-12-06,6.1,-3.2
2016-12-07,5.0,-1.6
2016-12-08,4.4,-3.2
2016-12-09,-0.5,-6.6
2016-12-10,-3.2,-8.8
2016-12-11,0.0,-9.9
2016-12-12,4.4,-2.7
2016-12-13,3.3,-0.5
2016-12-14,0.6,-12.1
2016-12-15,-3.2,-16.0
2016-12-16,-8.2,-18.8
2016-12-17,2.8,-10.5
2016-12-18,9.4,-6.0
2016-12-19,-6.0,-16.0
2016-12-20,-2.1,-17.7
2016-12-21,1.7,-9.9
2016-12-22,2.2,-4.3
2016-12-23,5.6,-6.6
2016-12-24,6.1,-4.3
2016-12-25,3.9,-7.7
2016-12-26,10.0,-10.5
2016-12-27,10.0,1.1
2016-12-28,1.1,-1.6
2016-12-29,0.6,-2.7
2016-12-30,0.6,-4.9
2016-12-31,3.3,-8.8
2017-01-01,3.9,-8.2
2017-01-02,2.8,-10.5
2017-01-03,3.3,1.7
2017-01-04,5.6,-4.3
2017-01-05,-3.2,-7.1
2017-01-06,-3.8,-12.7
2017-01-07,-6.6,-14.3
2017-01-08,-7.1,-13.2
2017-01-09,-7.1,-17.1
2017-01-10,5.6,-13.2
2017-01-11,10.0,1.1
2017-01-12,13.9,5.0
2017-01-13,8.3,-6.6
2017-01-14,-1.6,-11.6
2017-01-15,1.1,-8.2
2017-01-16,5.0,-11.6
2017-01-17,3.9,-9.3
2017-01-18,2.8,0.6
2017-01-19,5.0,0.0
2017-01-20,3.9,0.0
2017-01-21,6.7,-1.0
2017-01-22,8.9,0.6
2017-01-23,2.8,-0.5
2017-01-24,2.8,-1.0
2017-01-25,2.8,-1.6
2017-01-26,7.2,0.0
2017-01-27,2.8,0.6
2017-01-28,1.1,-0.5
2017-01-29,2.2,-3.2
2017-01-30,-2.1,-7.7
2017-01-31,-3.8,-11.6
2017-02-01,3.3,-4.9
2017-02-02,0.0,-7.7
2017-02-03,-2.7,-7.7
2017-02-04,-2.1,-9.3
2017-02-05,2.2,-8.2
2017-02-06,0.6,-4.3
2017-02-07,0.0,-2.7
2017-02-08,7.2,-3.8
2017-02-09,-1.6,-15.5
2017-02-10,-5.5,-16.6
2017-02-11,1.1,-8.8
2017-02-12,-1.0,-9.3
2017-02-13,0.6,-7.1
2017-02-14,2.2,-13.8
2017-02-15,2.2,-1.6
2017-02-16,0.0,-6.0
2017-02-17,0.6,-8.8
2017-02-18,11.7,-12.1
2017-02-19,11.7,3.3
2017-02-20,6.1,-8.2
2017-02-21,7.2,-11.0
2017-02-22,14.4,0.0
2017-02-23,20.0,-0.5
2017-02-24,21.7,2.2
2017-02-25,20.0,2.2
2017-02-26,2.8,-4.3
2017-02-27,10.6,-6.6
2017-02-28,15.6,-3.8
2017-03-01,18.3,10.6
2017-03-02,15.0,-5.5
2017-03-03,0.0,-9.9
2017-03-04,-7.7,-14.3
2017-03-05,-3.2,-16.0
2017-03-06,8.3,-13.8
2017-03-07,8.3,1.7
2017-03-08,13.9,2.2
2017-03-09,8.3,-0.5
2017-03-10,0.6,-8.8
2017-03-11,-8.8,-15.5
2017-03-12,-6.6,-15.5
2017-03-13,-1.6,-13.2
2017-03-14,-3.2,-8.8
2017-03-15,-6.0,-11.0
2017-03-16,-1.6,-8.8
2017-03-17,3.3,-12.1
2017-03-18,4.4,-16.0
2017-03-19,6.1,-2.1
2017-03-20,7.8,-9.3
2017-03-21,9.4,-3.8
2017-03-22,4.4,-9.3
2017-03-23,1.7,-10.5
2017-03-24,3.9,-4.3
2017-03-25,3.9,-1.0
2017-03-26,2.8,-4.9
2017-03-27,5.6,1.1
2017-03-28,12.2,1.7
2017-03-29,6.7,-2.7
2017-03-30,7.8,-3.2
2017-03-31,2.2,0.6
2017-04-01,3.9,0.6
2017-04-02,13.3,-1.6
2017-04-03,16.1,-3.8
2017-04-04,10.0,3.3
2017-04-05,11.7,3.3
2017-04-06,7.2,2.8
2017-04-07,9.4,1.7
2017-04-08,8.9,0.6
2017-04-09,18.9,-4.3
2017-04-10,26.7,1.1
2017-04-11,30.0,7.8
2017-04-12,15.0,7.2
2017-04-13,12.2,-0.5
2017-04-14,16.1,-2.7
2017-04-15,21.1,-2.1
2017-04-16,28.9,8.9
2017-04-17,17.8,7.2
2017-04-18,15.0,0.0
2017-04-19,13.3,5.0
2017-04-20,17.8,6.7
2017-04-21,10.0,7.2
2017-04-22,11.1,5.6
2017-04-23,20.0,1.1
2017-04-24,23.3,-0.5
2017-04-25,13.3,7.8
2017-04-26,18.3,9.4
2017-04-27,21.7,11.1
2017-04-28,26.7,11.1
2017-04-29,22.8,10.0
2017-04-30,13.3,5.0
2017-05-01,23.3,7.2
2017-05-02,17.8,7.8
2017-05-03,11.7,1.7
2017-05-04,18.9,-1.0
2017-05-05,10.0,6.1
2017-05-06,20.0,9.4
2017-05-07,13.3,3.9
2017-05-08,7.8,2.8
2017-05-09,9.4,1.7
2017-05-10,11.7,1.1
2017-05-11,18.9,2.2
2017-05-12,19.4,3.3
2017-05-13,12.8,4.4
2017-05-14,13.3,3.9
2017-05-15,17.2,7.8
2017-05-16,23.3,3.9
2017-05-17,31.7,8.3
2017-05-18,32.8,11.7
2017-05-19,26.1,10.6
2017-05-20,19.4,5.0
2017-05-21,21.7,2.8
2017-05-22,12.8,8.3
2017-05-23,20.6,6.7
2017-05-24,22.8,8.9
2017-05-25,15.0,11.7
2017-05-26,14.4,10.0
2017-05-27,21.1,10.0
2017-05-30,16.7,11.1
2017-05-31,25.0,11.1
2017-06-01,22.2,8.9
2017-06-02,17.8,5.6
2017-06-03,20.0,4.4
2017-06-04,18.9,5.0
2017-06-05,15.6,11.7
2017-06-06,12.2,8.3
2017-06-07,22.8,8.3
2017-06-08,25.6,6.7
2017-06-09,23.9,10.0
2017-06-10,27.8,8.9
2017-06-11,31.1,13.3
2017-06-12,32.2,15.6
2017-06-13,30.6,16.7
2017-06-14,24.4,10.0
2017-06-15,26.1,7.8
2017-06-16,17.8,15.6
2017-06-17,26.7,16.1
2017-06-18,30.0,21.1
2017-06-19,28.9,18.9
2017-06-20,25.6,14.4
2017-06-21,24.4,12.2
2017-06-22,26.1,9.4
2017-06-23,30.0,18.3
2017-06-24,26.1,15.6
2017-06-25,25.6,12.2
2017-06-26,21.7,10.6
2017-06-27,22.2,10.0
2017-06-28,22.8,10.0
2017-06-29,25.0,10.6
2017-06-30,29.4,18.3
2017-07-01,29.4,18.3
2017-07-02,27.8,16.1
2017-07-03,26.1,12.2
2017-07-04,25.6,10.6
2017-07-05,28.3,10.0
2017-07-06,25.0,15.6
2017-07-07,25.6,16.7
2017-07-08,25.6,16.1
2017-07-09,25.6,12.8
2017-07-10,27.2,12.2
2017-07-11,27.2,17.2
2017-07-12,28.9,16.7
2017-07-13,26.7,16.7
2017-07-14,19.4,15.6
2017-07-15,25.6,17.2
2017-07-16,27.8,15.0
2017-07-17,29.4,14.4
2017-07-18,28.9,16.1
2017-07-19,28.9,16.7
2017-07-20,30.0,16.7
2017-07-21,28.3,13.9
2017-07-22,25.0,16.1
2017-07-23,25.0,15.0
2017-07-24,19.4,13.3
2017-07-25,18.9,12.8
2017-07-26,25.0,12.8
2017-07-27,22.2,16.1
2017-07-28,24.4,12.8
2017-07-29,22.8,10.6
2017-07-30,25.6,8.3
2017-07-31,28.9,10.0
2017-08-01,28.9,12.8
2017-08-02,29.4,13.3
2017-08-03,29.4,13.9
2017-08-04,27.8,17.2
2017-08-05,26.7,16.1
2017-08-06,22.2,11.1
2017-08-07,21.7,9.4
2017-08-08,24.4,11.1
2017-08-09,26.7,8.3
2017-08-10,27.8,14.4
2017-08-11,26.7,15.6
2017-08-12,27.2,17.2
2017-08-13,25.6,14.4
2017-08-14,25.0,11.7
2017-08-15,25.0,14.4
2017-08-16,26.1,12.2
2017-08-17,25.6,9.4
2017-08-18,23.9,17.2
2017-08-19,27.2,17.8
2017-08-20,25.6,13.9
2017-08-21,27.8,12.8
2017-08-22,30.6,16.1
2017-08-23,23.3,11.1
2017-08-24,22.2,10.0
2017-08-25,21.1,8.9
2017-08-26,21.1,6.1
2017-08-27,22.8,5.6
2017-08-28,22.8,6.7
2017-08-29,16.7,8.3
2017-08-30,22.8,10.0
2017-08-31,21.1,8.3
2017-09-01,17.8,3.9
2017-09-02,20.6,1.1
2017-09-03,15.6,10.0
2017-09-04,25.0,15.0
2017-09-05,26.1,16.1
2017-09-06,16.7,13.9
2017-09-07,20.6,9.4
2017-09-08,18.3,8.3
2017-09-09,18.3,9.4
2017-09-10,19.4,6.7
2017-09-11,21.7,6.1
2017-09-12,26.1,7.8
2017-09-13,26.1,8.9
2017-09-14,25.6,16.7
2017-09-15,26.1,16.7
2017-09-16,27.8,15.6
2017-09-17,28.9,15.6
2017-09-18,26.7,13.3
2017-09-19,23.9,12.2
2017-09-20,25.0,17.2
2017-09-21,25.0,12.8
2017-09-22,23.9,9.4
2017-09-23,27.2,9.4
2017-09-24,30.0,11.7
2017-09-25,31.1,15.0
2017-09-26,31.1,15.6
2017-09-27,30.0,14.4
2017-09-28,22.2,7.8
2017-09-29,16.7,2.8
2017-09-30,11.1,7.2
2017-10-01,16.1,2.8
2017-10-02,20.6,1.7
2017-10-03,21.1,2.8
2017-10-04,25.0,3.3
2017-10-05,23.3,9.4
2017-10-06,17.8,6.7
2017-10-07,25.6,13.9
2017-10-08,26.1,15.0
2017-10-09,24.4,16.1
2017-10-10,23.3,11.1
2017-10-11,19.4,9.4
2017-10-12,16.7,3.9
2017-10-13,18.3,3.9
2017-10-14,22.2,8.9
2017-10-15,23.9,10.0
2017-10-16,15.6,0.6
2017-10-17,13.9,-1.6
2017-10-18,21.1,-0.5
2017-10-19,22.8,2.2
2017-10-20,19.4,4.4
2017-10-21,23.9,0.6
2017-10-22,26.1,1.7
2017-10-23,20.0,6.7
2017-10-24,22.2,16.1
2017-10-25,17.8,11.1
2017-10-26,12.2,7.2
2017-10-27,16.1,5.6
2017-10-28,19.4,3.9
2017-10-29,17.2,12.2
2017-10-30,19.4,5.0
2017-10-31,11.1,0.6
2017-11-01,10.6,-1.6
2017-11-02,20.6,8.9
2017-11-03,19.4,5.6
2017-11-04,11.1,-1.0
2017-11-05,16.1,6.1
2017-11-06,18.3,6.1
2017-11-07,6.1,1.1
2017-11-08,7.2,-4.9
2017-11-09,8.9,-7.1
2017-11-10,8.9,-7.1
2017-11-11,-0.5,-8.8
2017-11-12,6.1,-5.5
2017-11-13,5.6,-1.6
2017-11-14,2.2,-3.2
2017-11-15,8.3,-1.0
2017-11-16,9.4,3.9
2017-11-17,4.4,-4.9
2017-11-18,9.4,-7.1
2017-11-19,13.9,0.0
2017-11-20,3.3,-1.6
2017-11-21,13.3,-4.9
2017-11-22,6.1,-0.5
2017-11-23,1.7,-3.8
2017-11-24,9.4,-4.3
2017-11-25,14.4,2.2
2017-11-26,7.2,0.6
2017-11-27,5.6,-6.0
2017-11-28,10.6,-8.2
2017-11-29,13.3,-3.8
2017-11-30,8.3,-7.7
2017-12-01,7.8,-2.1
2017-12-02,4.4,-4.9
2017-12-03,6.7,-2.7
2017-12-04,9.4,-4.9
2017-12-05,13.3,5.6
2017-12-06,12.8,-3.8
2017-12-07,3.3,-1.6
2017-12-08,2.2,-4.3
2017-12-09,0.0,-2.7
2017-12-10,1.7,-4.9
2017-12-11,1.7,-3.2
2017-12-12,0.6,-6.0
2017-12-13,-6.0,-9.9
2017-12-14,-4.9,-9.9
2017-12-15,-4.9,-14.9
2017-12-16,-3.2,-10.5
2017-12-17,-3.8,-17.7
2017-12-18,2.8,-8.2
2017-12-19,8.9,0.6
2017-12-20,5.0,-1.6
2017-12-21,-1.6,-6.6
2017-12-22,-2.1,-6.0
2017-12-23,3.9,-2.1
2017-12-24,2.2,-2.1
2017-12-25,0.0,-6.0
2017-12-26,-5.5,-12.7
2017-12-27,-9.3,-16.6
2017-12-28,-14.3,-20.5
2017-12-29,-13.2,-19.9
2017-12-30,-8.8,-20.5
2017-12-31,-9.9,-19.3
2018-01-01,-13.8,-26.6
2018-01-02,-7.1,-21.6
2018-01-03,-2.7,-18.8
2018-01-04,-7.7,-11.6
2018-01-05,-9.3,-17.7
2018-01-06,-15.5,-21.0
2018-01-07,-9.9,-26.0
2018-01-08,-0.5,-9.9
2018-01-09,1.7,-5.5
2018-01-10,3.3,-16.6
2018-01-11,13.3,1.7
2018-01-12,18.9,9.4
2018-01-13,8.9,-12.1
2018-01-14,-10.5,-16.0
2018-01-15,-4.9,-16.0
2018-01-16,-2.1,-8.8
2018-01-17,-1.0,-12.7
2018-01-18,-4.9,-14.9
2018-01-19,-1.6,-9.9
2018-01-20,7.2,-10.5
2018-01-21,5.0,-4.3
2018-01-22,3.9,-1.0
2018-01-23,7.2,1.7
2018-01-24,4.4,-7.7
2018-01-25,-4.3,-10.5
2018-01-26,0.6,-14.3
2018-01-27,11.1,-5.5
2018-01-28,8.9,-2.1
2018-01-29,3.9,-6.6
2018-01-30,-0.5,-8.2
2018-01-31,-1.0,-11.0
2018-02-01,2.2,-3.8
2018-02-02,1.1,-14.9
2018-02-03,-3.8,-17.7
2018-02-04,2.2,-4.9
2018-02-05,1.1,-11.6
2018-02-06,-1.6,-12.7
2018-02-07,0.0,-14.9
2018-02-08,-3.8,-11.6
2018-02-09,0.6,-16.6
2018-02-10,6.7,-0.5
2018-02-11,6.7,0.0
2018-02-12,6.7,-6.0
2018-02-13,0.0,-10.5
2018-02-14,8.3,-4.3
2018-02-15,10.6,-2.1
2018-02-16,6.7,-2.7
2018-02-17,2.8,-8.8
2018-02-18,2.2,-9.9
2018-02-19,7.2,-9.9
2018-02-20,20.0,3.3
2018-02-21,24.4,3.3
2018-02-22,3.9,-4.9
2018-02-23,2.8,-4.3
2018-02-24,7.8,-1.6
2018-02-25,3.3,-1.6
2018-02-26,8.9,0.6
2018-02-27,11.1,-3.2
2018-02-28,14.4,-4.3
2018-03-01,11.1,2.8
2018-03-02,3.9,-1.0
2018-03-03,2.2,-0.5
2018-03-04,2.8,-1.6
2018-03-05,1.7,-3.2
2018-03-06,7.2,-8.8
2018-03-07,0.6,-1.6
2018-03-08,1.1,-2.7
2018-03-09,1.1,-3.8
2018-03-10,1.7,-1.6
2018-03-11,2.2,-2.7
2018-03-12,3.9,-2.7
2018-03-13,0.6,-2.7
2018-03-14,0.6,-2.7
2018-03-15,1.7,-2.1
2018-03-16,-0.5,-4.3
2018-03-17,2.8,-11.6
2018-03-18,-0.5,-16.0
2018-03-19,1.1,-14.3
2018-03-20,2.8,-14.9
2018-03-21,2.8,-9.9
2018-03-22,6.7,-3.2
2018-03-23,5.6,-6.0
2018-03-24,5.0,-2.7
2018-03-25,6.1,-4.9
2018-03-26,8.3,-8.2
2018-03-27,8.9,-6.6
2018-03-28,9.4,0.6
2018-03-29,9.4,-1.0
2018-03-30,10.6,1.7
2018-03-31,11.1,-2.1
2018-04-01,8.3,-2.1
2018-04-02,6.1,-2.7
2018-04-03,7.2,-3.8
2018-04-04,11.7,-1.0
2018-04-05,2.2,-4.9
2018-04-06,6.7,-7.1
2018-04-07,2.2,-3.8
2018-04-08,1.7,-8.2
2018-04-09,5.0,-4.9
2018-04-10,5.6,-4.3
2018-04-11,8.9,-6.6
2018-04-12,11.1,-2.7
2018-04-13,18.9,5.0
2018-04-14,11.1,1.1
2018-04-15,1.1,-1.6
2018-04-16,6.7,-1.0
2018-04-17,5.6,0.6
2018-04-18,6.1,0.0
2018-04-19,4.4,-0.5
2018-04-20,7.8,-0.5
2018-04-21,13.3,-4.3
2018-04-22,15.6,-4.9
2018-04-23,20.0,-4.3
2018-04-24,20.6,1.1
2018-04-25,15.0,7.8
2018-04-26,12.8,7.8
2018-04-27,12.8,1.7
2018-04-28,20.0,6.7
2018-04-29,9.4,2.2
2018-04-30,6.7,2.8
2018-05-01,21.1,5.0
2018-05-02,30.6,3.3
2018-05-03,27.2,15.0
2018-05-04,27.8,16.1
2018-05-05,22.8,8.9
2018-05-06,15.6,10.6
2018-05-07,19.4,5.0
2018-05-08,23.3,2.8
2018-05-09,26.7,5.6
2018-05-10,22.2,9.4
2018-05-11,18.3,6.7
2018-05-12,10.0,6.7
2018-05-13,19.4,6.1
2018-05-14,23.9,11.1
2018-05-15,24.4,10.6
2018-05-16,19.4,10.6
2018-05-17,26.1,14.4
2018-05-18,22.2,9.4
2018-05-19,13.9,9.4
2018-05-20,20.6,13.3
2018-05-21,23.9,6.1
2018-05-22,19.4,8.9
2018-05-23,26.1,10.6
2018-05-24,25.0,6.1
2018-05-25,28.9,6.7
2018-05-26,30.0,11.7
2018-05-27,20.6,10.0
2018-05-28,23.9,9.4
2018-05-29,28.9,10.6
2018-05-30,28.3,9.4
2018-05-31,25.6,8.9
2018-06-01,28.9,18.9
2018-06-02,25.0,13.3
2018-06-03,23.3,11.1
2018-06-04,15.0,7.2
2018-06-05,15.6,7.2
2018-06-06,20.6,10.0
2018-06-07,21.7,8.3
2018-06-08,25.0,9.4
2018-06-09,24.4,10.0
2018-06-10,23.9,7.2
2018-06-11,24.4,7.8
2018-06-12,25.6,8.9
2018-06-13,22.2,10.0
2018-06-14,21.1,14.4
2018-06-15,21.7,8.9
2018-06-16,26.7,5.6
2018-06-17,30.0,8.3
2018-06-18,33.3,14.4
2018-06-19,24.4,18.9
2018-06-20,23.3,12.8
2018-06-21,25.6,9.4
2018-06-22,26.1,6.7
2018-06-23,18.9,13.9
2018-06-24,23.9,14.4
2018-06-25,22.2,7.2
2018-06-26,25.0,5.0
2018-06-27,22.8,12.2
2018-06-28,25.6,16.7
2018-06-29,29.4,16.7
2018-06-30,32.2,14.4
2018-07-01,34.4,18.9
2018-07-02,33.9,20.6
2018-07-03,32.8,19.4
2018-07-04,33.3,17.2
2018-07-05,32.2,18.9
2018-07-06,27.8,11.1
2018-07-07,24.4,7.2
2018-07-08,28.3,8.9
2018-07-09,30.0,10.6
2018-07-10,30.6,11.7
2018-07-11,26.7,10.0
2018-07-12,27.8,7.8
2018-07-13,29.4,11.1
2018-07-14,28.9,15.6
2018-07-15,31.1,20.0
2018-07-16,33.3,17.8
2018-07-17,26.7,17.2
2018-07-18,24.4,11.1
2018-07-19,25.6,8.3
2018-07-20,28.9,9.4
2018-07-21,26.1,12.2
2018-07-22,28.3,17.2
2018-07-23,28.3,21.7
2018-07-24,30.0,22.2
2018-07-25,26.7,21.1
2018-07-26,27.2,17.8
2018-07-27,30.0,16.7
2018-07-28,28.3,16.7
2018-07-29,25.6,13.9
2018-07-30,26.7,12.2
2018-07-31,28.9,15.0
2018-08-01,23.9,17.2
2018-08-02,29.4,18.9
2018-08-03,29.4,18.9
2018-08-04,27.8,17.2
2018-08-05,30.0,16.7
2018-08-06,31.7,17.8
2018-08-07,31.7,18.9
2018-08-08,30.0,19.4
2018-08-09,28.3,17.2
2018-08-10,26.7,15.6
2018-08-11,21.7,17.2
2018-08-12,24.4,18.3
2018-08-13,22.8,19.4
2018-08-14,26.7,18.3
2018-08-15,28.9,18.3
2018-08-16,28.9,18.3
2018-08-17,30.0,17.2
2018-08-18,24.4,18.3
2018-08-19,24.4,15.0
2018-08-20,25.0,12.2
2018-08-21,24.4,15.0
2018-08-22,25.0,16.7
2018-08-23,22.8,11.7
2018-08-24,26.7,10.0
2018-08-25,26.1,12.8
2018-08-26,27.2,14.4
2018-08-27,28.9,18.3
2018-08-28,32.2,18.9
2018-08-29,32.2,20.0
2018-08-30,26.7,14.4
2018-08-31,23.9,13.9
2018-09-01,25.0,16.1
2018-09-02,27.2,17.2
2018-09-03,32.2,18.3
2018-09-04,29.4,16.7
2018-09-05,32.2,16.1
2018-09-06,30.6,19.4
2018-09-07,21.7,15.0
2018-09-08,17.8,7.8
2018-09-09,16.1,6.7
2018-09-10,15.0,11.7
2018-09-11,22.2,15.0
2018-09-12,22.8,18.3
2018-09-13,27.2,17.2
2018-09-14,26.7,15.6
2018-09-15,27.8,16.1
2018-09-16,30.0,16.1
2018-09-17,26.7,16.7
2018-09-18,26.7,17.8
2018-09-19,23.9,14.4
2018-09-20,21.1,13.3
2018-09-21,21.1,15.6
2018-09-22,20.6,7.2
2018-09-23,17.8,6.1
2018-09-24,12.2,5.6
2018-09-25,16.7,8.9
2018-09-26,26.7,15.0
2018-09-27,19.4,11.1
2018-09-28,16.1,9.4
2018-09-29,17.8,5.6
2018-09-30,17.2,5.0
2018-10-01,15.0,10.6
2018-10-02,15.0,12.8
2018-10-03,17.2,10.6
2018-10-04,23.3,11.7
2018-10-05,17.8,6.7
2018-10-06,16.7,10.0
2018-10-07,22.8,12.2
2018-10-08,15.6,10.6
2018-10-09,26.1,15.0
2018-10-10,27.2,13.9
2018-10-11,22.8,16.1
2018-10-12,16.1,7.2
2018-10-13,9.4,5.6
2018-10-14,13.3,2.8
2018-10-15,16.7,1.1
2018-10-16,10.6,0.6
2018-10-17,12.2,-1.0
2018-10-18,6.1,-1.0
2018-10-19,16.1,1.7
2018-10-20,14.4,3.9
2018-10-21,7.8,2.2
2018-10-22,7.8,2.2
2018-10-23,13.9,3.3
2018-10-24,6.1,-0.5
2018-10-25,4.4,0.6
2018-10-26,6.7,-2.1
2018-10-27,5.6,2.8
2018-10-28,9.4,3.9
2018-10-29,8.3,4.4
2018-10-30,7.2,-2.7
2018-10-31,16.1,-4.3
2018-11-01,13.3,9.4
2018-11-02,20.0,10.6
2018-11-03,14.4,4.4
2018-11-04,8.9,-1.0
2018-11-05,7.8,3.3
2018-11-06,11.1,6.1
2018-11-07,13.9,1.7
2018-11-08,8.9,0.0
2018-11-09,5.6,-3.8
2018-11-10,6.1,0.0
2018-11-11,3.3,-1.6
2018-11-14,-0.5,-7.1
2018-11-15,-1.0,-8.2
2018-11-16,3.3,-2.1
2018-11-17,5.0,1.7
2018-11-18,1.7,-2.1
2018-11-19,3.3,-0.5
2018-11-20,1.7,-1.0
2018-11-21,2.8,-9.3
2018-11-22,-8.2,-14.9
2018-11-23,-2.1,-17.1
2018-11-24,5.0,-9.3
2018-11-25,6.1,1.7
2018-11-26,5.6,-1.6
2018-11-27,3.3,0.0
2018-11-28,2.2,0.0
2018-11-29,2.8,1.1
2018-11-30,2.2,-0.5
2018-12-01,3.3,-1.6
2018-12-02,5.0,1.1
2018-12-03,8.9,1.1
2018-12-04,0.0,-6.6
2018-12-05,0.0,-9.9
2018-12-06,1.7,-7.7
2018-12-07,0.6,-8.2
2018-12-08,-3.2,-12.7
2018-12-09,1.1,-9.9
2018-12-10,0.6,-10.5
2018-12-11,-1.0,-12.7
2018-12-12,-0.5,-10.5
2018-12-13,-1.0,-9.9
2018-12-14,8.9,-3.2
2018-12-15,9.4,-1.6
2018-12-16,3.3,-2.1
2018-12-17,2.8,-1.0
2018-12-18,-1.0,-8.8
2018-12-19,4.4,-9.9
2018-12-20,6.7,-8.2
2018-12-21,16.7,4.4
2018-12-22,13.9,0.0
2018-12-23,0.0,-2.1
2018-12-24,2.2,-2.1
2018-12-25,0.6,-7.1
2018-12-26,0.6,-11.0
2018-12-27,0.6,-6.6
2018-12-28,10.6,0.0
2018-12-29,8.9,-3.8
2018-12-30,0.0,-6.0
2018-12-31,3.9,-4.3
2019-01-01,12.2,-2.7
2019-01-02,-0.5,-7.7
2019-01-03,3.9,-1.0
2019-01-04,6.7,-3.2
2019-01-05,5.6,-2.1
2019-01-06,3.9,-7.1
2019-01-07,-3.2,-11.0
2019-01-08,5.0,-5.5
2019-01-09,3.3,-1.6
2019-01-10,-1.6,-6.6
2019-01-11,-5.5,-13.2
2019-01-12,-4.9,-12.7
2019-01-13,-6.0,-14.3
2019-01-14,-2.7,-16.6
2019-01-15,-1.0,-11.6
2019-01-16,1.7,-6.0
2019-01-17,-4.3,-14.9
2019-01-18,1.1,-6.0
2019-01-19,-1.0,-5.5
2019-01-20,-4.3,-18.2
2019-01-21,-17.1,-22.7
2019-01-22,-8.8,-22.7
2019-01-23,7.8,-11.0
2019-01-24,14.4,-1.6
2019-01-25,0.0,-8.2
2019-01-26,-3.8,-9.9
2019-01-27,3.9,-10.5
2019-01-28,-4.9,-12.1
2019-01-29,-3.2,-8.8
2019-01-30,-3.2,-19.3
2019-01-31,-11.6,-21.0
2019-02-01,-8.8,-20.5
2019-02-02,0.0,-22.1
2019-02-03,6.7,-2.1
2019-02-04,15.0,0.6
2019-02-05,11.7,0.0
2019-02-06,5.0,-4.3
2019-02-07,6.1,1.7
2019-02-08,8.3,-4.9
2019-02-09,-1.6,-7.7
2019-02-10,-1.6,-7.1
2019-02-11,0.0,-8.2
2019-02-12,-2.7,-10.5
2019-02-13,2.2,-2.7
2019-02-14,0.6,-7.1
2019-02-15,11.1,-3.8
2019-02-16,0.0,-6.0
2019-02-17,0.0,-10.5
2019-02-18,-1.6,-13.2
2019-02-19,-4.3,-15.5
2019-02-20,-1.6,-14.9
2019-02-21,5.0,-4.3
2019-02-22,2.8,-2.7
2019-02-23,3.9,-9.9
2019-02-24,3.9,-0.5
2019-02-25,2.2,-6.0
2019-02-26,-5.5,-10.5
2019-02-27,-8.8,-14.9
2019-02-28,-4.9,-16.6
2019-03-01,2.8,-14.3
2019-03-02,2.8,-4.3
2019-03-03,3.3,-1.6
2019-03-04,0.0,-9.3
2019-03-05,-3.2,-13.8
2019-03-06,-6.0,-14.9
2019-03-07,-4.9,-13.8
2019-03-08,1.1,-11.6
2019-03-09,4.4,-14.3
2019-03-10,3.3,-2.1
2019-03-11,5.0,-0.5
2019-03-12,2.8,-4.3
2019-03-13,7.8,-8.8
2019-03-14,13.9,2.2
2019-03-15,19.4,5.6
2019-03-16,7.8,-1.6
2019-03-17,0.6,-4.3
2019-03-18,3.9,-3.8
2019-03-19,5.0,-4.9
2019-03-20,11.1,-6.0
2019-03-21,6.7,-0.5
2019-03-22,4.4,-1.0
2019-03-23,1.7,-3.2
2019-03-24,11.1,-2.1
2019-03-25,6.7,-5.5
2019-03-26,4.4,-9.3
2019-03-27,8.9,-8.8
2019-03-28,12.2,-3.8
2019-03-29,8.9,5.0
2019-03-30,19.4,4.4
2019-03-31,15.0,0.6
2019-04-01,3.9,-4.9
2019-04-02,10.6,-6.6
2019-04-03,13.9,-0.5
2019-04-04,6.7,-1.0
2019-04-05,6.1,-6.0
2019-04-06,12.2,-0.5
2019-04-07,18.9,-2.1
2019-04-08,11.7,2.2
2019-04-09,10.6,1.1
2019-04-10,6.7,-3.2
2019-04-11,8.3,-4.9
2019-04-12,15.0,1.7
2019-04-13,22.8,4.4
2019-04-14,20.6,3.3
2019-04-15,21.1,3.9
2019-04-16,12.8,2.2
2019-04-17,15.6,-3.2
2019-04-18,13.3,1.7
2019-04-19,23.3,12.8
2019-04-20,21.7,15.0
2019-04-21,18.9,8.9
2019-04-22,20.6,7.8
2019-04-23,23.9,9.4
2019-04-24,14.4,3.9
2019-04-25,19.4,0.6
2019-04-26,12.2,6.7
2019-04-27,7.8,3.3
2019-04-28,8.3,1.1
2019-04-29,12.2,-2.7
2019-04-30,10.0,0.6
2019-05-01,11.7,1.7
2019-05-02,13.9,8.3
2019-05-03,15.6,8.9
2019-05-04,18.9,11.7
2019-05-05,14.4,11.1
2019-05-06,22.2,6.1
2019-05-07,20.6,8.9
2019-05-08,17.2,2.8
2019-05-09,19.4,1.1
2019-05-10,20.0,8.9
2019-05-11,16.7,6.1
2019-05-12,9.4,4.4
2019-05-13,11.7,3.9
2019-05-14,8.9,3.3
2019-05-15,16.1,5.0
2019-05-16,19.4,5.6
2019-05-17,20.0,7.2
2019-05-18,21.1,5.6
2019-05-19,28.9,7.8
2019-05-20,26.1,10.6
2019-05-21,17.8,6.7
2019-05-22,19.4,2.2
2019-05-23,23.3,11.1
2019-05-24,18.3,7.8
2019-05-25,22.8,6.1
2019-05-26,27.8,12.2
2019-05-27,23.9,8.9
2019-05-28,13.3,7.8
2019-05-29,17.8,7.8
2019-05-30,21.7,13.9
2019-05-31,22.2,8.9
2019-06-01,26.7,6.7
2019-06-02,24.4,11.1
2019-06-03,16.7,4.4
2019-06-04,18.9,2.8
2019-06-05,26.1,10.6
2019-06-06,23.9,11.7
2019-06-07,26.1,9.4
2019-06-08,25.6,7.8
2019-06-09,27.8,6.7
2019-06-10,26.7,9.4
2019-06-11,21.7,10.0
2019-06-12,24.4,6.7
2019-06-13,16.1,11.1
2019-06-14,18.3,8.3
2019-06-15,25.6,7.2
2019-06-16,18.9,15.6
2019-06-17,24.4,13.3
2019-06-18,21.7,12.2
2019-06-19,26.7,15.6
2019-06-20,26.1,18.3
2019-06-21,22.8,12.2
2019-06-22,22.8,9.4
2019-06-23,26.7,8.3
2019-06-24,27.2,10.0
2019-06-25,26.7,15.6
2019-06-26,29.4,13.3
2019-06-27,28.3,14.4
2019-06-28,30.0,12.2
2019-06-29,27.2,18.3
2019-06-30,22.8,13.9
2019-07-01,27.2,12.2
2019-07-02,26.7,15.6
2019-07-03,30.0,15.0
2019-07-04,31.1,14.4
2019-07-05,31.7,15.6
2019-07-06,30.0,21.1
2019-07-07,25.6,11.7
2019-07-08,27.2,9.4
2019-07-09,28.3,10.0
2019-07-10,30.0,12.2
2019-07-11,28.9,16.1
2019-07-12,26.1,20.6
2019-07-13,27.8,17.2
2019-07-14,27.8,15.6
2019-07-15,25.6,13.3
2019-07-16,31.1,12.2
2019-07-17,28.3,20.6
2019-07-18,23.9,18.3
2019-07-19,31.1,18.9
2019-07-20,31.7,21.1
2019-07-21,30.6,17.2
2019-07-22,21.7,15.0
2019-07-23,23.9,15.6
2019-07-24,25.6,12.2
2019-07-25,26.7,10.6
2019-07-26,28.9,11.1
2019-07-27,29.4,11.7
2019-07-28,30.0,16.1
2019-07-29,30.0,18.3
2019-07-30,32.2,17.8
2019-07-31,25.6,16.1
2019-08-01,26.7,13.9
2019-08-02,28.3,11.1
2019-08-03,27.8,16.1
2019-08-04,26.1,13.3
2019-08-05,26.1,10.0
2019-08-06,28.3,11.1
2019-08-07,28.3,17.2
2019-08-08,27.8,16.7
2019-08-09,25.0,14.4
2019-08-10,22.8,11.7
2019-08-11,24.4,8.9
2019-08-12,27.2,10.0
2019-08-13,25.0,17.2
2019-08-14,26.7,13.3
2019-08-15,27.8,11.1
2019-08-16,28.3,13.9
2019-08-17,29.4,17.2
2019-08-18,30.0,16.7
2019-08-19,28.9,16.7
2019-08-20,28.3,14.4
2019-08-21,27.8,16.1
2019-08-22,27.2,17.8
2019-08-23,22.8,11.1
2019-08-24,22.2,9.4
2019-08-25,22.8,8.3
2019-08-26,23.3,5.6
2019-08-29,24.4,11.1
2019-08-30,25.6,8.9
2019-08-31,22.2,8.9
2019-09-01,22.8,7.8
2019-09-02,22.2,16.1
2019-09-03,24.4,13.3
2019-09-04,25.0,13.3
2019-09-05,20.0,8.3
2019-09-06,20.0,9.4
2019-09-07,20.6,8.3
2019-09-08,20.6,9.4
2019-09-09,20.6,6.1
2019-09-10,22.8,8.9
2019-09-11,27.8,15.0
2019-09-12,17.2,8.3
2019-09-13,20.0,6.7
2019-09-14,19.4,12.8
2019-09-15,22.8,12.8
2019-09-16,20.0,6.7
2019-09-17,20.6,5.0
2019-09-18,19.4,3.3
2019-09-19,21.1,0.6
2019-09-20,23.3,2.2
2019-09-21,28.3,5.6
2019-09-22,28.9,6.7
2019-09-23,29.4,14.4
2019-09-24,20.0,7.8
2019-09-25,21.7,6.7
2019-09-26,23.9,8.3
2019-09-27,21.1,6.7
2019-09-28,26.7,8.9
2019-09-29,20.0,7.2
2019-09-30,19.4,6.1
2019-10-01,25.0,13.9
2019-10-02,23.3,8.3
2019-10-03,10.0,6.7
2019-10-04,12.8,1.1
2019-10-05,15.0,-1.6
2019-10-06,18.9,2.8
2019-10-07,19.4,11.7
2019-10-08,17.2,5.0
2019-10-09,15.6,3.3
2019-10-10,19.4,5.0
2019-10-11,17.2,1.7
2019-10-12,18.9,10.0
2019-10-13,18.3,4.4
2019-10-14,20.0,2.8
2019-10-15,15.0,1.1
2019-10-16,14.4,0.0
2019-10-17,11.1,6.1
2019-10-18,11.1,5.6
2019-10-19,13.3,-1.0
2019-10-20,15.0,-1.6
2019-10-21,17.8,3.3
2019-10-22,13.9,10.6
2019-10-23,16.7,1.7
2019-10-24,18.9,0.0
2019-10-25,13.9,3.9
2019-10-26,13.9,2.8
2019-10-27,10.6,7.2
2019-10-28,15.6,8.3
2019-10-29,15.0,10.0
2019-10-30,17.2,12.2
2019-10-31,23.3,15.0
2019-11-01,22.2,1.7
2019-11-02,10.0,-2.7
2019-11-03,9.4,-3.2
2019-11-04,10.0,-2.1
2019-11-05,13.3,4.4
2019-11-06,7.8,-2.1
2019-11-07,7.8,-1.0
2019-11-08,-0.5,-8.2
2019-11-09,2.8,-8.8
2019-11-10,7.8,-2.7
2019-11-11,5.6,1.7
2019-11-12,7.2,-8.2
2019-11-13,-4.9,-11.6
2019-11-14,2.2,-8.8
2019-11-15,8.3,-3.2
2019-11-16,0.6,-10.5
2019-11-17,2.8,-12.1
2019-11-18,5.0,1.1
2019-11-19,2.8,0.0
2019-11-20,1.7,0.6
2019-11-21,5.6,-1.0
2019-11-22,7.8,-0.5
2019-11-23,5.0,-2.7
2019-11-24,4.4,0.0
2019-11-25,7.8,-0.5
2019-11-26,15.0,-3.2
2019-11-27,11.7,-2.7
2019-11-28,6.1,-1.0
2019-11-29,0.6,-3.2
2019-11-30,-1.6,-8.2
2019-12-01,-1.6,-11.0
2019-12-02,1.1,-4.3
2019-12-03,-1.0,-8.8
2019-12-04,2.2,-7.7
2019-12-05,2.2,-3.8
2019-12-06,2.8,-3.8
2019-12-07,-2.1,-15.5
2019-12-08,4.4,-19.9
2019-12-09,11.7,3.3
2019-12-10,11.1,0.6
2019-12-11,0.6,-4.9
2019-12-12,-1.6,-7.1
2019-12-13,5.6,-5.5
2019-12-14,13.3,3.9
2019-12-15,4.4,-3.8
2019-12-16,-1.0,-6.0
2019-12-17,-1.0,-4.3
2019-12-18,-0.5,-11.0
2019-12-19,-9.3,-16.0
2019-12-20,-7.7,-16.6
2019-12-21,0.0,-17.7
2019-12-22,1.7,-12.7
2019-12-23,12.2,-10.5
2019-12-24,5.6,-7.7
2019-12-25,5.0,-8.2
2019-12-26,4.4,-5.5
2019-12-27,10.0,1.7
2019-12-28,6.7,-1.0
2019-12-29,4.4,-4.3
2019-12-30,1.7,-0.5
2019-12-31,2.8,-0.5
2020-01-01,1.7,0.0
2020-01-02,7.2,-2.7
2020-01-03,6.7,1.7
2020-01-04,6.1,0.6
2020-01-05,0.6,-4.3
2020-01-06,2.2,-3.8
2020-01-07,2.2,-2.7
2020-01-08,2.2,-7.1
2020-01-09,-3.2,-11.6
2020-01-10,5.6,-3.8
2020-01-11,18.3,5.0
2020-01-12,19.4,-0.5
2020-01-13,3.3,-2.7
2020-01-14,6.7,0.6
2020-01-15,6.7,-3.2
2020-01-16,3.3,-6.0
2020-01-17,-6.0,-13.8
2020-01-18,-3.2,-13.8
2020-01-19,2.2,-9.3
2020-01-20,-7.1,-14.9
2020-01-21,-6.0,-18.8
2020-01-22,0.6,-11.6
2020-01-23,3.9,-16.0
2020-01-24,8.9,-9.9
2020-01-25,5.0,1.7
2020-01-26,3.9,0.6
2020-01-27,3.9,1.1
2020-01-28,1.7,-1.6
2020-01-29,0.0,-8.2
2020-01-30,1.7,-11.6
2020-01-31,2.8,-10.5
2020-02-01,2.8,0.0
2020-02-02,1.1,-1.6
2020-02-03,5.0,-3.8
2020-02-04,8.3,-4.3
2020-02-05,2.8,-3.8
2020-02-06,2.2,-3.2
2020-02-07,2.8,-7.7
2020-02-08,-5.5,-13.8
2020-02-09,-0.5,-13.8
2020-02-10,3.3,-1.0
2020-02-11,3.3,-0.5
2020-02-12,3.9,-1.6
2020-02-13,2.8,0.0
2020-02-14,0.6,-15.5
2020-02-15,-2.1,-19.3
2020-02-16,3.3,-5.5
2020-02-17,1.7,-8.2
2020-02-18,3.9,-5.5
2020-02-19,3.3,-5.5
2020-02-20,-3.2,-9.3
2020-02-21,-2.1,-15.5
2020-02-22,3.3,-13.2
2020-02-23,9.4,-6.6
2020-02-24,14.4,-6.6
2020-02-25,9.4,0.6
2020-02-26,7.2,1.1
2020-02-27,6.1,-4.3
2020-02-28,-0.5,-4.9
2020-02-29,-2.7,-8.2
2020-03-01,0.0,-11.0
2020-03-02,14.4,-4.9
2020-03-03,15.6,3.3
2020-03-04,7.2,2.8
2020-03-05,7.8,-4.9
2020-03-06,8.3,-6.6
2020-03-07,3.3,-6.0
2020-03-08,12.2,-6.6
2020-03-09,21.1,-3.8
2020-03-10,16.1,0.6
2020-03-11,6.7,-2.7
2020-03-12,8.9,-1.6
2020-03-13,15.0,2.8
2020-03-14,6.7,1.7
2020-03-15,6.1,-3.8
2020-03-16,6.7,-9.3
2020-03-17,8.9,-0.5
2020-03-18,11.7,-0.5
2020-03-19,7.8,1.7
2020-03-20,20.0,3.9
2020-03-21,5.6,-3.8
2020-03-22,5.6,-8.8
2020-03-23,0.0,-1.6
2020-03-24,3.9,-4.3
2020-03-25,6.7,-4.9
2020-03-26,14.4,-4.3
2020-03-27,14.4,-1.6
2020-03-28,11.1,-4.3
2020-03-29,8.3,3.9
2020-03-30,5.0,2.8
2020-03-31,7.2,-1.6
2020-04-01,11.1,-3.2
2020-04-02,8.3,2.2
2020-04-03,8.3,2.8
2020-04-04,15.0,6.1
2020-04-05,14.4,7.8
2020-04-06,13.9,1.1
2020-04-07,16.1,4.4
2020-04-08,13.9,3.9
2020-04-09,10.0,2.2
2020-04-10,6.1,1.7
2020-04-11,7.8,1.1
2020-04-12,16.1,-3.2
2020-04-13,18.3,8.3
2020-04-14,10.0,3.9
2020-04-15,7.2,-1.6
2020-04-16,5.6,-0.5
2020-04-17,7.8,-1.0
2020-04-18,6.1,-1.6
2020-04-19,16.1,-2.7
2020-04-20,12.2,-2.7
2020-04-21,10.0,-3.2
2020-04-22,4.4,-2.1
2020-04-23,10.6,-2.1
2020-04-24,9.4,1.1
2020-04-25,17.8,0.6
2020-04-26,10.6,1.7
2020-04-27,7.2,1.7
2020-04-28,13.9,1.1
2020-04-29,17.2,-1.0
2020-04-30,11.1,4.4
2020-05-01,18.3,10.0
2020-05-02,19.4,6.1
2020-05-03,23.9,10.6
2020-05-04,16.7,5.6
2020-05-05,13.3,2.2
2020-05-06,15.0,-2.1
2020-05-07,16.1,0.6
2020-05-08,13.9,0.6
2020-05-09,3.9,-1.6
2020-05-10,12.2,1.7
2020-05-11,13.3,-0.5
2020-05-12,10.0,0.6
2020-05-13,13.3,-2.7
2020-05-14,20.0,-2.7
2020-05-15,27.2,11.1
2020-05-16,21.1,12.2
2020-05-17,21.1,12.2
2020-05-18,19.4,7.2
2020-05-19,18.3,4.4
2020-05-20,22.2,2.2
2020-05-21,25.0,1.7
2020-05-22,26.7,5.6
2020-05-23,25.6,11.1
2020-05-24,23.9,8.9
2020-05-25,25.0,9.4
2020-05-26,31.1,13.9
2020-05-27,30.6,16.1
2020-05-28,26.1,17.2
2020-05-29,29.4,21.1
2020-05-30,23.3,13.3
2020-05-31,14.4,3.9
2020-06-01,16.1,0.6
2020-06-02,20.0,3.3
2020-06-03,24.4,12.2
2020-06-04,28.9,15.0
2020-06-05,28.3,17.2
2020-06-06,28.3,10.0
2020-06-07,20.6,7.2
2020-06-08,24.4,4.4
2020-06-09,28.3,10.6
2020-06-10,26.7,17.2
2020-06-11,28.3,15.0
2020-06-12,25.0,11.1
2020-06-13,16.7,3.9
2020-06-14,21.1,1.7
2020-06-15,22.8,6.7
2020-06-16,26.1,5.6
2020-06-17,28.9,6.7
2020-06-18,30.0,10.0
2020-06-19,29.4,16.1
2020-06-20,31.1,14.4
2020-06-21,31.7,15.0
2020-06-22,33.3,15.6
2020-06-23,31.7,18.3
2020-06-25,27.8,17.2
2020-06-26,27.2,13.3
2020-06-27,22.8,11.7
2020-06-28,25.6,16.1
2020-06-29,25.6,17.2
2020-06-30,23.9,17.2
2020-07-01,26.1,15.6
2020-07-02,31.1,15.0
2020-07-03,27.2,18.9
2020-07-04,30.0,16.7
2020-07-05,30.6,13.3
2020-07-06,30.0,14.4
2020-07-07,26.7,16.7
2020-07-08,31.1,18.9
2020-07-09,33.3,18.3
2020-07-10,28.9,19.4
2020-07-11,30.6,22.2
2020-07-12,30.0,20.0
2020-07-13,29.4,18.3
2020-07-14,27.2,17.2
2020-07-15,27.2,15.0
2020-07-16,26.1,18.3
2020-07-17,26.7,15.6
2020-07-18,31.7,16.7
2020-07-19,35.0,16.1
2020-07-20,31.7,21.1
2020-07-21,29.4,16.1
2020-07-22,29.4,16.1
2020-07-23,29.4,20.6
2020-07-24,29.4,17.2
2020-07-25,30.0,16.1
2020-07-26,31.1,15.0
2020-07-27,33.9,17.8
2020-07-28,27.8,15.0
2020-07-29,31.1,12.8
2020-07-30,28.3,16.7
2020-07-31,29.4,14.4
2020-08-01,30.6,13.3
2020-08-02,28.3,20.0
2020-08-03,28.9,19.4
2020-08-06,25.6,11.7
2020-08-07,26.1,14.4
2020-08-08,28.9,18.3
2020-08-09,30.0,16.1
2020-08-10,31.1,16.7
2020-08-11,32.2,18.3
2020-08-12,29.4,15.6
2020-08-13,29.4,13.9
2020-08-14,29.4,14.4
2020-08-15,26.7,13.9
2020-08-16,23.9,15.6
2020-08-17,26.1,12.2
2020-08-18,26.1,12.2
2020-08-19,25.0,9.4
2020-08-20,25.0,8.3
2020-08-21,30.0,9.4
2020-08-22,28.9,14.4
2020-08-23,32.8,14.4
2020-08-24,32.2,17.2
2020-08-25,27.8,13.9
2020-08-26,21.7,10.0
2020-08-27,20.6,10.6
2020-08-28,24.4,13.9
2020-08-29,27.2,14.4
2020-08-30,21.7,9.4
2020-08-31,24.4,6.7
2020-09-01,23.9,12.2
2020-09-02,22.2,16.7
2020-09-03,26.1,16.7
2020-09-04,23.9,10.6
2020-09-05,23.9,7.2
2020-09-06,24.4,12.8
2020-09-07,27.8,13.3
2020-09-08,30.0,14.4
2020-09-09,28.3,14.4
2020-09-10,25.0,15.0
2020-09-11,18.9,7.8
2020-09-12,21.1,7.2
2020-09-13,23.9,10.0
2020-09-14,21.1,7.2
2020-09-15,18.3,2.2
2020-09-16,22.2,6.1
2020-09-17,22.2,8.3
2020-09-18,17.8,1.7
2020-09-19,15.0,-1.0
2020-09-20,16.7,-1.0
2020-09-21,18.3,-2.1
2020-09-22,18.9,-0.5
2020-09-23,23.3,5.0
2020-09-24,23.3,7.8
2020-09-25,26.7,8.3
2020-09-26,25.6,8.3
2020-09-27,25.0,15.6
2020-09-28,26.7,17.2
2020-09-29,25.0,16.1
2020-09-30,22.2,10.6
2020-10-01,21.1,7.8
2020-10-02,15.6,6.1
2020-10-03,16.7,3.9
2020-10-04,16.1,2.8
2020-10-05,18.9,2.8
2020-10-06,19.4,6.7
2020-10-07,20.6,8.9
2020-10-08,13.3,4.4
2020-10-09,16.1,1.7
2020-10-10,25.0,6.7
2020-10-11,17.8,4.4
2020-10-12,11.7,8.9
2020-10-13,12.2,8.9
2020-10-14,18.9,4.4
2020-10-15,25.0,5.0
2020-10-16,14.4,7.8
2020-10-17,13.3,0.6
2020-10-18,15.6,-1.6
2020-10-19,16.7,6.7
2020-10-20,20.0,12.8
2020-10-21,22.8,12.8
2020-10-22,23.9,11.7
2020-10-23,24.4,11.1
2020-10-24,19.4,6.7
2020-10-25,11.1,0.0
2020-10-26,11.7,5.6
2020-10-27,11.7,6.1
2020-10-28,9.4,6.1
2020-10-29,8.3,3.9
2020-10-30,3.9,-4.3
2020-10-31,6.7,-4.9
2020-11-01,11.7,0.6
2020-11-02,3.9,0.0
2020-11-03,4.4,-2.7
2020-11-04,16.7,-0.5
2020-11-05,20.6,0.6
2020-11-06,22.2,4.4
2020-11-07,22.8,3.9
2020-11-08,23.3,1.1
2020-11-09,23.9,-0.5
2020-11-10,25.0,0.6
2020-11-11,22.8,11.1
2020-11-12,18.3,0.0
2020-11-13,7.2,-2.1
2020-11-14,7.2,-3.2
2020-11-15,12.8,-4.9
2020-11-16,9.4,4.4
2020-11-17,5.0,-0.5
2020-11-18,0.0,-7.7
2020-11-19,8.9,-7.7
2020-11-20,16.1,1.7
2020-11-21,12.8,-2.1
2020-11-22,5.6,-5.5
2020-11-23,8.3,1.7
2020-11-24,5.6,-3.8
2020-11-25,8.9,-1.0
2020-11-26,12.8,6.7
2020-11-27,12.2,6.1
2020-11-28,8.9,2.2
2020-11-29,11.1,-2.7
2020-11-30,18.9,0.6
2020-12-01,17.8,2.8
2020-12-02,3.3,1.1
2020-12-03,8.3,-1.0
2020-12-04,11.7,-1.6
2020-12-05,5.0,1.1
2020-12-06,1.1,-2.7
2020-12-07,-1.0,-3.8
2020-12-08,-2.1,-3.8
2020-12-09,1.1,-4.3
2020-12-10,4.4,0.6
2020-12-11,10.6,-3.8
2020-12-12,8.3,-3.2
2020-12-13,13.9,2.2
2020-12-14,2.2,0.0
2020-12-15,0.6,-7.1
2020-12-16,-3.8,-10.5
2020-12-17,-5.5,-7.7
2020-12-18,-6.6,-19.9
2020-12-19,-3.2,-22.7
2020-12-20,2.2,-5.5
2020-12-21,3.3,-2.7
2020-12-22,3.3,-6.0
2020-12-23,2.2,-4.3
2020-12-24,15.0,1.7
2020-12-25,17.8,0.0
2020-12-26,0.6,-3.8
2020-12-27,2.2,-3.8
2020-12-28,7.2,-1.0
2020-12-29,2.8,-8.8
2020-12-30,3.9,-8.2
2020-12-31,4.4,-1.0
2021-01-01,1.7,-6.6
2021-01-02,5.0,-0.5
2021-01-03,0.6,-1.0
2021-01-04,2.2,-1.0
2021-01-05,1.7,-1.6
2021-01-06,-1.0,-2.7
2021-01-07,-0.5,-3.8
2021-01-08,-2.1,-6.6
2021-01-09,-0.5,-7.1
2021-01-10,-1.0,-9.9
2021-01-11,-0.5,-9.9
2021-01-12,1.1,-4.9
2021-01-13,2.8,-2.7
2021-01-14,3.3,-3.8
2021-01-15,3.3,-3.8
2021-01-16,4.4,0.6
2021-01-17,3.3,0.6
2021-01-18,2.8,-4.9
2021-01-19,1.1,-5.5
2021-01-20,0.0,-10.5
2021-01-21,-1.6,-12.1
2021-01-22,2.8,-4.9
2021-01-23,-2.1,-11.0
2021-01-24,-6.0,-12.7
2021-01-25,-2.7,-15.5
2021-01-26,-0.5,-11.0
2021-01-27,-1.0,-2.7
2021-01-28,-2.7,-11.6
2021-01-29,-11.0,-18.2
2021-01-30,-7.7,-23.2
2021-01-31,-5.5,-22.1
2021-02-01,-1.0,-7.1
2021-02-02,0.6,-4.3
2021-02-03,-0.5,-3.8
2021-02-04,2.8,-11.6
2021-02-05,4.4,-11.0
2021-02-06,3.3,-11.0
2021-02-07,-1.0,-12.1
2021-02-08,-3.8,-14.3
2021-02-09,-2.7,-10.5
2021-02-10,-3.2,-12.1
2021-02-11,-2.1,-13.2
2021-02-12,-7.7,-19.3
2021-02-13,-2.7,-18.2
2021-02-14,-0.5,-7.1
2021-02-15,-1.0,-11.0
2021-02-16,6.7,-4.9
2021-02-17,-3.2,-11.0
2021-02-18,-2.7,-8.2
2021-02-19,0.0,-4.3
2021-02-20,-1.6,-7.7
2021-02-21,-0.5,-13.2
2021-02-22,1.7,-12.7
2021-02-23,4.4,1.1
2021-02-24,10.0,2.8
2021-02-25,8.3,-4.9
2021-02-26,4.4,-4.9
2021-02-27,8.3,-1.0
2021-02-28,7.2,-1.6
2021-03-01,5.6,-7.7
2021-03-02,-4.3,-13.2
2021-03-03,4.4,-6.0
2021-03-04,2.8,-6.0
2021-03-05,-1.6,-9.3
2021-03-06,-3.2,-9.3
2021-03-07,0.6,-8.2
2021-03-08,2.8,-11.6
2021-03-09,11.1,-3.8
2021-03-10,15.6,-6.6
2021-03-11,22.2,2.8
2021-03-12,17.2,0.6
2021-03-13,3.9,-3.2
2021-03-14,5.6,-6.6
2021-03-15,-2.1,-11.0
2021-03-16,2.8,-10.5
2021-03-17,10.0,-4.3
2021-03-18,5.0,-1.0
2021-03-19,2.2,-6.6
2021-03-20,12.2,-8.8
2021-03-21,18.9,-6.6
2021-03-22,19.4,-6.0
2021-03-23,21.1,-3.8
2021-03-24,15.6,0.0
2021-03-25,24.4,10.0
2021-03-26,23.3,7.8
2021-03-27,12.8,3.3
2021-03-28,11.1,6.1
2021-03-29,7.2,-1.0
2021-03-30,16.7,-3.8
2021-03-31,16.7,7.8
2021-04-01,8.3,-1.6
2021-04-02,0.6,-5.5
2021-04-03,8.9,-8.2
2021-04-04,12.8,-4.9
2021-04-05,15.6,5.6
2021-04-06,17.2,1.7
2021-04-07,21.1,-1.0
2021-04-08,23.9,2.2
2021-04-09,23.3,6.7
2021-04-10,25.0,6.1
2021-04-11,18.3,8.9
2021-04-12,11.1,3.9
2021-04-13,17.8,0.6
2021-04-14,21.7,7.2
2021-04-15,13.9,1.1
2021-04-16,5.0,0.6
2021-04-17,8.9,2.8
2021-04-18,14.4,2.2
2021-04-19,16.1,1.7
2021-04-20,18.9,2.8
2021-04-21,15.0,-1.0
2021-04-22,5.6,-1.6
2021-04-23,13.3,1.7
2021-04-24,20.0,1.7
2021-04-25,13.9,5.0
2021-04-26,12.2,2.2
2021-04-27,18.9,0.0
2021-04-28,24.4,8.3
2021-04-29,16.7,11.1
2021-04-30,11.7,3.3
2021-05-01,12.2,2.8
2021-05-02,21.1,5.0
2021-05-03,20.6,7.2
2021-05-04,14.4,11.1
2021-05-05,13.9,8.9
2021-05-06,16.1,5.6
2021-05-07,17.8,0.6
2021-05-08,13.9,6.1
2021-05-09,16.1,6.1
2021-05-10,15.0,7.8
2021-05-11,13.9,6.7
2021-05-12,17.2,6.1
2021-05-13,20.0,1.1
2021-05-14,22.8,1.1
2021-05-15,23.9,2.2
2021-05-16,24.4,7.8
2021-05-17,25.6,4.4
2021-05-18,26.1,7.2
2021-05-19,28.9,7.8
2021-05-20,30.6,9.4
2021-05-21,31.7,16.1
2021-05-22,28.9,16.1
2021-05-23,27.2,7.8
2021-05-24,22.2,5.0
2021-05-25,26.7,8.3
2021-05-26,31.7,17.8
2021-05-27,22.2,10.6
2021-05-28,13.9,6.1
2021-05-29,9.4,6.1
2021-05-30,10.6,7.8
2021-05-31,16.1,6.1
2021-06-01,23.9,6.1
2021-06-02,26.1,7.8
2021-06-03,24.4,14.4
2021-06-04,26.1,14.4
2021-06-05,31.7,12.2
2021-06-06,31.7,15.0
2021-06-07,32.2,15.6
2021-06-08,31.7,20.0
2021-06-09,29.4,15.6
2021-06-10,26.1,13.3
2021-06-11,23.3,13.3
2021-06-12,25.6,13.9
2021-06-14,20.0,16.7
2021-06-15,23.3,13.9
2021-06-16,21.1,8.9
2021-06-17,23.3,6.1
2021-06-18,27.8,6.7
2021-06-19,29.4,19.4
2021-06-20,28.9,15.0
2021-06-21,31.7,20.0
2021-06-22,21.1,12.2
2021-06-23,21.7,7.8
2021-06-24,25.0,6.7
2021-06-25,26.7,10.6
2021-06-26,27.8,17.8
2021-06-27,31.7,22.2
2021-06-28,33.9,21.1
2021-06-29,33.9,20.6
2021-06-30,32.2,21.1
2021-07-01,24.4,18.9
2021-07-02,19.4,14.4
2021-07-03,18.3,13.9
2021-07-04,21.7,13.3
2021-07-05,26.7,12.8
2021-07-06,29.4,19.4
2021-07-07,30.0,18.9
2021-07-08,21.7,18.3
2021-07-09,27.2,18.9
2021-07-10,26.1,14.4
2021-07-11,25.6,13.3
2021-07-12,22.8,17.2
2021-07-13,21.7,18.9
2021-07-14,30.6,19.4
2021-07-15,30.0,18.3
2021-07-16,30.0,19.4
2021-07-17,29.4,18.9
2021-07-18,23.9,19.4
2021-07-19,26.1,18.3
2021-07-20,28.9,17.8
2021-07-21,25.6,15.0
2021-07-22,25.0,12.2
2021-07-23,26.1,13.3
2021-07-24,28.3,12.2
2021-07-25,27.8,17.8
2021-07-26,28.9,17.2
2021-07-27,30.0,14.4
2021-07-28,25.6,15.6
2021-07-29,24.4,12.8
2021-07-30,24.4,11.1
2021-07-31,22.2,8.3
2021-08-01,26.1,12.2
2021-08-02,25.0,11.7
2021-08-03,24.4,9.4
2021-08-04,25.0,11.1
2021-08-05,25.6,14.4
2021-08-06,30.6,13.9
2021-08-07,30.0,16.7
2021-08-08,30.6,17.8
2021-08-09,28.3,18.9
2021-08-10,30.0,17.8
2021-08-11,32.8,22.2
2021-08-12,33.3,21.7
2021-08-13,32.2,21.7
2021-08-14,28.3,14.4
2021-08-15,24.4,12.2
2021-08-16,26.1,10.6
2021-08-17,25.6,15.0
2021-08-18,28.3,21.1
2021-08-19,27.2,21.1
2021-08-20,27.2,20.6
2021-08-21,30.0,21.1
2021-08-22,26.1,21.7
2021-08-23,23.9,20.0
2021-08-24,30.0,18.3
2021-08-25,31.7,17.2
2021-08-26,32.8,18.3
2021-08-27,30.6,18.9
2021-08-28,21.7,18.3
2021-08-29,26.1,17.8
2021-08-30,28.9,17.2
2021-08-31,26.7,15.0
2021-09-01,20.6,14.4
2021-09-02,21.1,12.8
2021-09-03,22.2,11.1
2021-09-04,23.9,10.0
2021-09-05,21.7,13.3
2021-09-06,25.0,15.0
2021-09-07,24.4,13.9
2021-09-08,27.8,13.9
2021-09-09,22.2,16.7
2021-09-10,21.7,8.9
2021-09-11,23.9,7.2
2021-09-12,26.1,11.1
2021-09-13,23.3,13.3
2021-09-14,23.9,10.6
2021-09-15,29.4,17.2
2021-09-16,25.0,16.1
2021-09-17,22.8,18.3
2021-09-18,27.2,15.0
2021-09-19,22.2,10.0
2021-09-21,23.3,10.0
2021-09-22,27.2,16.1
2021-09-23,26.1,21.1
2021-09-24,23.3,11.7
2021-10-01,17.8,4.4
2021-10-02,23.3,6.7
2021-10-03,19.4,10.0
2021-10-04,16.1,12.8
2021-10-05,15.6,12.2
2021-10-06,21.1,11.7
2021-10-07,22.8,10.0
2021-10-08,24.4,10.6
2021-10-09,16.1,13.3
2021-10-10,17.2,13.3
2021-10-11,20.6,11.1
2021-10-12,25.0,8.9
2021-10-13,21.7,10.0
2021-10-14,22.2,13.3
2021-10-15,22.2,12.2
2021-10-16,25.6,12.8
2021-10-17,15.0,9.4
2021-10-18,11.7,5.6
2021-10-19,15.6,4.4
2021-10-20,22.2,11.7
2021-10-21,23.3,8.9
2021-10-22,16.7,4.4
2021-10-23,11.1,2.8
2021-10-24,14.4,0.0
2021-10-25,13.3,7.8
2021-10-26,13.3,9.4
2021-10-27,11.7,4.4
2021-10-28,15.0,1.7
2021-10-29,13.3,-0.5
2021-10-30,14.4,7.2
2021-10-31,15.6,11.1
2021-11-01,12.2,3.3
2021-11-02,11.7,0.0
2021-11-03,8.3,-1.6
2021-11-04,7.8,-2.1
2021-11-05,8.9,-4.3
2021-11-06,11.1,-4.9
2021-11-07,13.9,-5.5
2021-11-08,16.7,-2.7
2021-11-09,16.7,-1.0
2021-11-10,13.9,0.0
2021-11-11,13.9,-2.7
2021-11-12,14.4,1.7
2021-11-13,15.0,0.6
2021-11-14,7.8,2.8
2021-11-15,6.7,1.1
2021-11-16,6.1,1.7
2021-11-17,12.8,-3.2
2021-11-18,20.6,6.1
2021-11-19,6.7,-0.5
2021-11-20,7.2,-4.9
2021-11-21,11.1,9.4
2021-11-22,0.0,-1.0
2021-11-23,-3.2,-4.3
2021-11-24,3.3,-6.6
2021-11-25,5.6,-4.3
2021-11-26,3.9,-0.5
2021-11-30,2.2,-8.8
2021-12-01,4.4,-1.0
2021-12-02,10.6,1.1
2021-12-03,5.0,-1.6
2021-12-04,5.0,-2.7
2021-12-05,5.6,0.0
2021-12-06,15.6,2.8
2021-12-07,3.3,-3.2
2021-12-08,0.6,-3.2
2021-12-09,0.0,-4.9
2021-12-10,6.1,-2.7
2021-12-11,18.3,0.0
2021-12-12,6.7,-2.1
2021-12-13,11.7,-2.7
2021-12-14,8.3,-2.7
2021-12-15,8.3,-3.8
2021-12-16,16.1,7.2
2021-12-17,16.7,2.2
2021-12-18,2.8,0.0
2021-12-19,2.8,-4.9
2021-12-20,0.0,-7.7
2021-12-21,6.1,-6.6
2021-12-22,5.6,-2.1
2021-12-23,-1.6,-7.1
2021-12-24,-1.6,-6.6
2021-12-25,3.3,-2.1
2021-12-26,2.8,0.6
2021-12-27,0.6,-2.7
2021-12-29,4.4,0.6
2021-12-30,7.8,2.8
2021-12-31,8.9,2.8
2022-01-01,10.0,6.7
2022-01-02,8.9,-3.8
2022-01-03,-3.8,-11.6
2022-01-04,-1.0,-12.1
2022-01-05,6.7,-3.2
2022-01-06,3.3,-4.3
2022-01-07,-1.6,-8.8
2022-01-08,-6.6,-14.3
2022-01-14,0.0,-16.6
2022-01-16,7.8,-19.9
2022-01-19,7.2,-1.6
2022-01-20,3.9,-12.7
2022-01-21,-8.8,-19.9
2022-01-22,-1.6,-22.7
2022-01-23,-0.5,-9.9
2022-01-24,-1.6,-8.2
2022-01-25,1.1,-6.6
2022-01-26,-6.0,-17.7
2022-01-27,-2.1,-19.9
2022-01-28,0.6,-8.8
2022-01-29,-8.8,-14.9
2022-01-30,-5.5,-18.2
2022-01-31,-0.5,-21.6
2022-02-01,1.7,-18.2
2022-02-02,10.0,-3.8
2022-02-03,8.3,1.1
2022-02-04,1.1,-9.9
2022-02-05,-6.0,-13.2
2022-02-06,-2.1,-16.0
2022-02-08,2.8,-1.0
2022-02-09,7.2,-4.3
2022-02-10,7.8,1.1
2022-02-11,12.2,-1.0
2022-02-12,11.7,-1.0
2022-02-13,-1.0,-8.8
2022-02-14,-7.1,-12.1
2022-02-15,-2.1,-13.8
2022-02-16,8.9,-11.0
2022-02-17,15.6,8.3
2022-02-18,17.2,-7.1
2022-02-19,0.0,-8.8
2022-02-20,2.2,-14.3
2022-02-21,15.0,-5.5
2022-02-22,16.7,-0.5
2022-02-23,16.7,-3.8
2022-02-24,-0.5,-8.8
2022-02-25,0.0,-8.8
2022-02-26,0.0,-14.3
2022-02-27,3.9,-4.9
2022-02-28,-2.7,-12.7
2022-03-01,4.4,-11.6
2022-03-02,5.6,-4.3
2022-03-03,1.7,-8.2
2022-03-04,0.6,-13.2
2022-03-05,7.8,-12.7
2022-03-06,20.6,3.9
2022-03-07,17.8,3.9
2022-03-08,5.6,-2.7
2022-03-09,3.3,-3.8
2022-03-10,8.3,-7.7
2022-03-11,12.2,-3.8
2022-03-12,6.7,-6.6
2022-03-13,1.7,-7.1
2022-03-14,10.0,-2.1
2022-03-15,15.0,0.0
2022-03-16,17.8,3.3
2022-03-17,15.6,3.9
2022-03-18,24.4,7.8
2022-03-19,15.0,8.9
2022-03-20,13.3,4.4
2022-03-21,13.3,3.3
2022-03-22,11.7,-1.6
2022-03-23,12.2,-4.9
2022-03-24,7.2,2.2
2022-03-25,15.6,5.0
2022-03-26,10.6,3.9
2022-03-27,5.6,-4.3
2022-03-28,-2.7,-8.2
2022-03-29,3.3,-8.2
2022-03-30,7.2,-4.3
2022-03-31,20.6,5.0
2022-04-01,13.3,2.8
2022-04-02,11.1,0.6
2022-04-03,11.1,-1.0
2022-04-04,12.2,1.7
2022-04-05,17.8,-1.6
2022-04-06,13.9,5.0
2022-04-07,10.0,7.2
2022-04-08,15.0,2.2
2022-04-09,11.1,1.7
2022-04-10,8.3,0.6
2022-04-11,18.9,0.6
2022-04-12,20.0,6.7
2022-04-13,26.1,1.7
2022-04-14,24.4,11.1
2022-04-15,20.0,2.8
2022-04-16,18.3,3.9
2022-04-17,8.9,1.7
2022-04-18,15.6,-2.1
2022-04-19,6.7,2.8
2022-04-20,11.7,0.0
2022-04-21,16.7,-0.5
2022-04-22,16.1,1.7
2022-04-23,17.2,-0.5
2022-04-24,19.4,7.8
2022-04-25,21.7,8.3
2022-04-26,14.4,10.0
2022-04-27,12.2,4.4
2022-04-28,12.2,2.8
2022-04-29,15.6,0.6
2022-04-30,17.2,-1.6
2022-05-01,23.3,-0.5
2022-05-02,15.0,6.1
2022-05-03,17.2,8.9
2022-05-04,15.0,10.6
2022-05-05,20.0,9.4
2022-05-06,19.4,8.3
2022-05-07,14.4,7.8
2022-05-08,18.3,2.2
2022-05-09,23.3,-1.0
2022-05-10,24.4,2.8
2022-05-11,28.3,1.1
2022-05-12,30.6,4.4
2022-05-13,31.1,12.8
2022-05-14,30.0,15.6
2022-05-15,28.9,17.2
2022-05-16,29.4,14.4
2022-05-17,20.6,11.7
2022-05-18,21.7,8.9
2022-05-19,16.7,10.0
2022-05-20,28.9,7.2
2022-05-21,35.0,17.2
2022-05-22,33.9,17.8
2022-05-23,21.1,10.6
2022-05-24,24.4,7.8
2022-05-25,26.7,12.2
2022-05-26,25.0,13.3
2022-05-27,26.7,18.3
2022-05-28,25.6,13.3
2022-05-29,27.8,11.1
2022-05-30,30.6,10.6
2022-05-31,32.8,17.8
2022-06-01,21.7,16.7
2022-06-02,27.2,16.7
2022-06-03,27.2,14.4
2022-06-04,27.2,10.6
2022-06-05,25.0,7.2
2022-06-06,28.3,8.3
2022-06-07,28.3,15.6
2022-06-08,25.6,15.0
2022-06-09,23.3,14.4
2022-06-10,24.4,11.7
2022-06-11,26.7,9.4
2022-06-12,26.7,10.6
2022-06-13,28.3,13.9
2022-06-14,28.9,10.6
2022-06-15,31.1,12.2
2022-06-16,26.7,20.6
2022-06-17,29.4,20.6
2022-06-18,21.7,12.2
2022-06-19,22.8,9.4
2022-06-20,26.7,6.1
2022-06-21,22.8,8.9
2022-06-22,20.0,16.1
2022-06-23,26.7,14.4
2022-06-24,30.6,16.1
2022-06-25,33.9,13.9
2022-06-26,33.9,15.0
2022-06-27,27.8,17.2
2022-06-28,27.2,12.8
2022-06-29,29.4,11.1
2022-06-30,28.3,12.2
2022-07-01,33.9,14.4
2022-07-02,28.9,13.9
2022-07-03,28.3,13.3
2022-07-04,28.3,10.6
2022-07-05,24.4,14.4
2022-07-06,27.8,13.9
2022-07-07,30.0,12.8
2022-07-08,29.4,17.2
2022-07-09,26.7,10.6
2022-07-10,28.3,7.8
2022-07-11,28.9,10.6
2022-07-12,31.1,17.2
2022-07-13,27.8,16.7
2022-07-14,26.7,13.9
2022-07-15,27.8,11.7
2022-07-16,28.3,12.2
2022-07-17,31.1,15.6
2022-07-18,26.1,18.3
2022-07-19,30.6,20.6
2022-07-20,32.8,20.6
2022-07-21,33.3,20.0
2022-07-22,31.1,17.2
2022-07-23,32.8,16.7
2022-07-24,32.8,17.2
2022-07-25,28.3,16.7
2022-07-26,23.9,12.8
2022-07-27,26.1,11.1
2022-07-28,31.1,15.0
2022-07-29,30.0,17.8
2022-07-30,26.1,16.7
2022-07-31,27.2,12.2
2022-08-01,28.9,16.7
2022-08-02,30.0,16.7
2022-08-03,30.0,14.4
2022-08-04,34.4,16.1
2022-08-05,30.6,20.0
2022-08-06,33.3,18.9
2022-08-07,31.7,20.0
2022-08-08,32.8,20.6
2022-08-09,28.3,17.8
2022-08-10,25.0,15.6
2022-08-11,27.8,15.6
2022-08-12,23.9,11.1
2022-08-13,23.9,9.4
2022-08-14,26.7,8.9
2022-08-15,28.9,10.0
2022-08-16,28.3,10.6
2022-08-17,23.3,15.6
2022-08-18,26.1,15.0
2022-08-19,30.0,11.7
2022-08-20,32.2,13.3
2022-08-21,31.1,17.8
2022-08-22,25.0,17.8
2022-08-23,26.7,17.8
2022-08-24,28.3,16.1
2022-08-25,29.4,14.4
2022-08-26,29.4,15.6
2022-08-27,26.1,12.8
2022-08-28,27.8,11.1
2022-08-29,31.7,17.8
2022-08-30,32.2,19.4
2022-08-31,24.4,14.4
2022-09-01,21.1,9.4
2022-09-02,26.7,6.1
2022-09-03,28.3,9.4
2022-09-04,29.4,16.1
2022-09-05,22.2,15.6
2022-09-06,17.8,16.7
2022-09-07,20.6,11.7
2022-09-08,25.6,11.7
2022-09-09,27.2,10.6
2022-09-10,28.3,12.2
2022-09-11,23.9,15.0
2022-09-12,26.1,16.7
2022-09-13,25.0,13.9
2022-09-14,23.9,15.6
2022-09-15,18.3,6.7
2022-09-16,19.4,5.0
2022-09-17,22.2,6.1
2022-09-18,26.1,12.8
2022-09-19,27.8,15.6
2022-09-20,20.6,13.9
2022-09-21,23.3,13.3
2022-09-22,18.9,10.6
2022-09-23,12.8,6.7
2022-09-24,17.8,2.8
2022-09-25,18.9,7.2
2022-09-26,21.1,8.3
2022-09-27,18.9,6.7
2022-09-28,18.3,10.6
2022-09-29,14.4,3.9
2022-09-30,16.1,2.8
2022-10-01,17.8,6.1
2022-10-02,13.9,5.0
2022-10-03,12.8,4.4
2022-10-04,13.9,5.6
2022-10-05,14.4,10.0
2022-10-06,22.8,7.2
2022-10-07,21.7,8.3
2022-10-08,11.1,2.2
2022-10-09,15.6,-0.5
2022-10-10,14.4,3.3
2022-10-11,18.9,2.2
2022-10-12,20.6,2.2
2022-10-13,21.7,10.6
2022-10-14,16.7,4.4
2022-10-15,20.0,2.8
2022-10-16,17.8,2.2
2022-10-17,12.2,2.2
2022-10-18,12.8,1.7
2022-10-19,10.6,-1.6
2022-10-20,12.2,-1.0
2022-10-21,15.6,-2.1
2022-10-22,21.7,-1.6
2022-10-23,17.8,1.1
2022-10-24,17.2,13.3
2022-10-25,22.2,15.6
2022-10-26,25.0,15.0
2022-10-27,16.7,1.7
2022-10-28,13.3,-2.1
2022-10-29,18.3,-3.2
2022-10-30,21.7,-3.2
2022-10-31,17.8,0.6
2022-11-01,18.9,8.9
2022-11-02,18.9,1.1
2022-11-03,20.6,-1.0
2022-11-04,21.1,2.2
2022-11-05,23.3,16.1
2022-11-06,22.8,20.0
2022-11-07,21.7,7.8
2022-11-08,10.0,-2.1
2022-11-09,13.3,-4.9
2022-11-10,19.4,-2.1
2022-11-11,21.7,3.3
2022-11-12,22.8,8.3
2022-11-13,8.9,2.2
2022-11-14,3.9,-4.3
2022-11-15,4.4,-7.1
2022-11-16,4.4,0.0
2022-11-17,4.4,0.0
2022-11-18,4.4,-1.6
2022-11-19,3.3,-5.5
2022-11-20,0.0,-4.9
2022-11-21,3.3,-7.7
2022-11-22,7.2,-4.9
2022-11-23,7.8,-5.5
2022-11-24,10.0,-5.5
2022-11-25,10.0,1.1
2022-11-26,9.4,0.0
2022-11-27,10.0,-3.2
2022-11-28,11.1,2.2
2022-11-29,2.2,-2.1
2022-11-30,13.3,-1.0
2022-12-01,2.8,-0.5
2022-12-02,6.1,-3.8
2022-12-03,12.8,2.2
2022-12-04,2.8,-4.3
2022-12-05,8.3,-7.1
2022-12-06,11.7,2.2
2022-12-07,15.0,10.0
2022-12-08,10.0,-0.5
2022-12-09,3.3,-3.8
2022-12-10,1.7,-7.1
2022-12-11,0.0,-3.2
2022-12-12,-2.7,-10.5
2022-12-13,-1.0,-15.5
2022-12-14,-2.1,-9.9
2022-12-15,3.3,-12.1
2022-12-16,2.8,1.7
2022-12-21,1.7,-10.5
2022-12-22,3.9,-7.7
2022-12-23,13.9,-12.7
2022-12-24,-11.6,-16.0
2022-12-25,-5.5,-13.2
2022-12-26,-3.2,-11.6
2022-12-27,-1.6,-10.5
2022-12-28,3.9,-8.2
2022-12-29,8.9,-7.7
2022-12-30,11.7,1.7
2022-12-31,11.7,2.2
2023-01-01,11.7,2.8
2023-01-02,9.4,-2.1
2023-01-03,7.2,-2.7
2023-01-04,9.4,5.6
2023-01-05,7.2,3.9
2023-01-06,4.4,1.7
2023-01-07,5.0,-2.1
2023-01-08,2.2,-6.6
2023-01-09,1.1,-6.6
2023-01-10,2.8,-4.9
2023-01-11,0.6,-9.3
2023-01-12,5.0,-1.6
2023-01-13,12.8,-1.6
2023-01-14,-1.6,-4.9
2023-01-15,-1.6,-7.1
2023-01-16,-0.5,-6.6
2023-01-17,4.4,-7.1
2023-01-18,5.0,0.6
2023-01-19,3.9,0.6
2023-01-20,2.2,0.0
2023-01-21,0.0,-1.6
2023-01-22,1.1,-1.6
2023-01-23,0.6,-2.1
2023-01-24,1.1,-1.6
2023-01-25,3.3,-5.5
2023-01-26,5.6,-2.1
2023-01-27,2.2,-5.5
2023-01-28,6.7,-6.6
2023-01-29,8.9,-7.1
2023-01-30,5.0,-1.6
2023-01-31,-1.6,-9.3
2023-02-01,-2.7,-14.3
2023-02-02,1.1,-7.1
2023-02-03,0.6,-24.3
2023-02-04,-9.3,-26.0
2023-02-05,6.7,-10.5
2023-02-06,4.4,-6.0
2023-02-07,5.6,-12.1
2023-02-08,5.6,-1.6
2023-02-09,8.9,-5.5
2023-02-10,10.0,1.7
2023-02-11,3.3,-5.5
2023-02-12,7.8,-7.7
2023-02-13,11.1,-5.5
2023-02-14,8.3,-2.7
2023-02-15,16.7,-2.7
2023-02-16,13.9,5.0
2023-02-17,12.2,-6.0
2023-02-18,2.8,-7.7
2023-02-19,7.8,-5.5
2023-02-20,12.2,1.1
2023-02-21,5.0,-1.0
2023-02-22,2.8,-1.0
2023-02-23,0.6,-2.1
2023-02-24,3.3,-9.3
2023-02-25,-6.6,-12.7
2023-02-26,1.7,-7.7
2023-02-27,2.2,-5.5
2023-02-28,2.2,-3.8
2023-03-01,5.6,-4.3
2023-03-02,4.4,1.7
2023-03-03,6.7,-1.6
2023-03-04,3.9,-1.0
2023-03-05,5.0,0.0
2023-03-06,6.7,0.0
2023-03-07,0.6,-3.8
2023-03-08,1.1,-4.3
2023-03-09,3.9,-2.7
2023-03-10,8.3,-7.1
2023-03-11,4.4,-1.6
2023-03-12,9.4,-6.6
2023-03-13,4.4,1.7
2023-03-14,2.2,-0.5
2023-03-15,3.9,-1.6
2023-03-16,7.2,-7.7
2023-03-17,9.4,-1.0
2023-03-19,-1.0,-5.5
2023-03-20,8.3,-4.3
2023-03-21,12.2,-6.6
2023-03-22,16.1,-1.6
2023-03-23,10.6,5.0
2023-03-24,9.4,-2.1
2023-03-25,3.3,-3.8
2023-03-26,11.7,0.6
2023-03-27,11.7,-3.2
2023-03-28,8.9,-1.6
2023-03-29,11.1,-4.3
2023-03-30,-0.5,-0.5
2023-04-14,31.7,15.0
2023-04-15,27.8,15.6
2023-04-16,22.8,14.4
2023-04-17,16.7,8.9
2023-04-18,9.4,2.8
2023-04-19,7.2,1.7
2023-04-20,17.2,2.8
2023-04-21,25.0,5.6
2023-04-22,15.0,9.4
2023-04-23,11.1,7.2
2023-04-24,11.1,0.6
2023-04-25,12.2,-0.5
2023-04-26,15.0,-2.1
2023-04-27,15.6,2.2
2023-04-28,18.3,0.0
2023-04-29,12.8,6.7
2023-04-30,11.7,8.3
2023-05-01,15.6,5.6
2023-05-02,12.2,6.1
2023-05-03,11.7,6.1
2023-05-04,12.8,7.2
2023-05-05,16.1,5.6
2023-05-06,21.1,3.3
2023-05-07,23.3,2.2
2023-05-08,21.1,4.4
2023-05-09,17.2,1.7
2023-05-10,21.1,-0.5
2023-05-11,25.6,3.3
2023-05-12,27.8,6.7
2023-05-13,24.4,7.8
2023-05-14,17.8,3.3
2023-05-15,21.1,0.0
2023-05-16,25.6,9.4
2023-05-17,11.7,-1.0
2023-05-18,17.8,-2.1
2023-05-19,20.6,6.1
2023-05-20,20.0,10.6
2023-05-21,20.6,8.3
2023-05-22,23.3,7.2
2023-05-23,24.4,9.4
2023-05-24,24.4,6.1
2023-05-25,17.8,3.9
2023-05-26,21.7,1.7
2023-05-27,27.2,3.3
2023-05-28,30.6,7.2
2023-05-29,27.8,8.9
2023-05-30,27.2,9.4
2023-05-31,30.6,9.4
2023-06-01,32.2,9.4
2023-06-02,32.2,12.2
2023-06-03,17.8,9.4
2023-06-04,16.1,7.8
2023-06-05,21.7,7.8
2023-06-06,22.2,6.1
2023-06-07,16.1,8.3
2023-06-08,18.3,7.8
2023-06-09,18.9,6.7
2023-06-10,21.1,10.0
2023-06-11,28.3,8.3
2023-06-12,26.7,17.2
2023-06-13,22.2,11.7
2023-06-14,23.9,10.0
2023-06-15,25.0,13.9
2023-06-16,22.8,10.6
2023-06-17,18.9,15.0
2023-06-18,22.2,10.6
2023-06-19,25.6,9.4
2023-06-20,27.2,13.3
2023-06-21,23.9,13.3
2023-06-22,26.1,9.4
2023-06-23,28.3,13.9
2023-06-24,25.6,20.0
2023-06-25,29.4,19.4
2023-06-26,27.8,18.3
2023-06-27,25.6,18.9
2023-06-28,26.1,17.8
2023-06-29,26.1,15.6
2023-06-30,28.9,14.4
2023-07-01,29.4,15.6
2023-07-02,22.2,17.8
2023-07-03,28.9,20.0
2023-07-04,30.0,19.4
2023-07-05,32.2,17.8
2023-07-06,33.9,18.9
2023-07-07,31.7,20.0
2023-07-08,30.0,21.1
2023-07-09,28.3,19.4
2023-07-10,22.2,19.4
2023-07-11,30.0,17.2
2023-07-12,30.6,17.2
2023-07-13,31.7,18.3
2023-07-14,28.9,18.9
2023-07-15,31.1,19.4
2023-07-16,28.3,22.2
2023-07-17,29.4,19.4
2023-07-18,30.0,18.3
2023-07-19,27.8,15.6
2023-07-20,29.4,13.3
2023-07-21,27.8,16.7
2023-07-22,27.2,13.9
2023-07-23,28.9,11.7
2023-07-24,30.6,14.4
2023-07-25,28.9,16.7
2023-07-26,30.0,16.1
2023-07-27,30.0,20.6
2023-07-28,31.1,21.1
2023-07-29,29.4,16.1
2023-07-30,23.9,14.4
2023-07-31,25.0,11.7
2023-08-01,22.8,10.6
2023-08-02,24.4,8.3
2023-08-03,26.7,11.7
2023-08-04,25.0,16.7
2023-08-05,26.1,15.0
2023-08-06,27.2,12.2
2023-08-07,24.4,15.0
2023-08-08,27.8,19.4
2023-08-09,27.2,15.6
2023-08-10,25.6,14.4
2023-08-11,25.0,12.8
2023-08-12,27.8,10.6
2023-08-13,27.8,17.8
2023-08-14,27.2,16.1
2023-08-15,23.3,18.9
2023-08-16,27.2,19.4
2023-08-17,25.6,20.0
2023-08-18,26.1,16.1
2023-08-19,21.1,14.4
2023-08-20,26.7,13.3
2023-08-21,27.2,15.6
2023-08-22,25.6,10.6
2023-08-23,25.6,9.4
2023-08-24,22.8,10.0
2023-08-25,25.6,18.3
2023-08-26,27.8,17.2
2023-08-27,25.0,15.0
2023-08-28,26.7,13.9
2023-08-29,28.9,17.2
2023-08-30,25.0,17.2
2023-08-31,21.7,8.9
2023-09-01,24.4,7.8
2023-09-02,26.7,9.4
2023-09-03,27.8,16.1
2023-09-04,30.6,16.7
2023-09-05,31.1,18.3
2023-09-06,31.1,19.4
2023-09-07,33.3,17.8
2023-09-08,30.6,18.9
2023-09-09,27.8,18.3
2023-09-10,26.7,17.8
2023-09-11,26.1,18.9
2023-09-12,27.2,16.1
2023-09-13,21.7,16.1
2023-09-14,21.7,10.6
2023-09-15,20.0,7.8
2023-09-16,22.2,10.6
2023-09-17,23.3,7.8
2023-09-18,18.3,15.0
2023-09-19,20.0,13.9
2023-09-20,21.1,8.3
2023-09-21,21.1,7.2
2023-09-22,22.2,8.9
2023-09-23,14.4,8.3
2023-09-24,17.8,11.7
2023-09-25,17.8,12.2
2023-09-26,19.4,6.7
2023-09-27,21.1,5.6
2023-09-28,21.7,5.0
2023-09-29,15.0,11.1
2023-09-30,21.1,12.2
2023-10-01,25.0,12.2
2023-10-02,24.4,9.4
2023-10-03,27.8,8.3
2023-10-04,31.1,13.9
2023-10-05,28.9,12.2
2023-10-06,21.7,14.4
2023-10-07,22.8,10.0
2023-10-08,16.7,6.1
2023-10-09,16.7,3.9
2023-10-10,16.7,4.4
2023-10-11,18.3,8.3
2023-10-12,17.8,5.6
2023-10-13,16.1,2.2
2023-10-14,13.9,4.4
2023-10-15,14.4,4.4
2023-10-16,13.3,7.8
2023-10-17,13.9,6.1
2023-10-18,15.0,8.9
2023-10-19,17.8,6.1
2023-10-20,16.7,11.7
2023-10-21,16.1,11.7
2023-10-22,11.7,6.7
2023-10-23,11.7,1.1
2023-10-24,17.8,0.6
2023-10-25,26.7,3.9
2023-10-26,24.4,10.0
2023-10-27,26.1,10.0
2023-10-28,23.3,8.3
2023-10-29,8.9,6.1
2023-10-30,10.0,5.0
2023-10-31,7.8,-1.0
2023-11-01,5.0,0.6
2023-11-02,8.3,-4.3
2023-11-03,13.9,0.6
2023-11-04,13.3,1.7
2023-11-05,13.3,0.6
2023-11-06,10.6,-1.6
2023-11-07,17.8,7.2
2023-11-08,7.2,0.0
2023-11-09,7.8,1.1
2023-11-10,10.6,6.1
2023-11-11,7.2,0.0
2023-11-12,4.4,-5.5
2023-11-13,6.1,-7.1
2023-11-14,5.6,-1.0
2023-11-15,10.6,-3.2
2023-11-16,16.1,-2.7
2023-11-17,18.3,-1.0
2023-11-18,12.8,-2.1
2023-11-19,8.9,-1.6
2023-11-20,2.8,-6.0
2023-11-21,3.3,-8.2
2023-11-22,8.3,2.2
2023-11-23,7.2,4.4
2023-11-24,7.2,-3.2
2023-11-25,2.8,-6.6
2023-11-26,6.1,-4.9
2023-11-27,7.2,1.1
2023-11-28,1.7,-2.1
2023-11-29,1.1,-6.6
2023-11-30,8.9,-3.8
2023-12-01,12.2,-3.2
2023-12-02,8.9,3.9
2023-12-03,8.3,3.9
2023-12-04,7.8,2.8
2023-12-05,2.2,-0.5
2023-12-06,0.6,-3.8
2023-12-07,-0.5,-5.5
2023-12-08,6.7,-0.5
2023-12-09,11.7,2.8
2023-12-10,16.1,7.2
2023-12-11,7.2,0.6
2023-12-12,5.6,-0.5
2023-12-13,3.9,-1.6
2023-12-14,1.7,-7.1
2023-12-15,10.6,-6.0
2023-12-16,11.1,1.7
2023-12-17,10.6,4.4
2023-12-18,18.3,5.0
2023-12-19,6.1,-1.0
2023-12-20,2.8,-3.2
2023-12-21,1.1,-6.6
2023-12-22,1.1,-9.3
2023-12-23,3.9,-7.1
2023-12-24,5.6,2.2
2023-12-25,11.1,-1.0
2023-12-26,12.2,-1.0
2023-12-27,11.1,6.7
2023-12-28,10.6,7.8
2023-12-29,8.9,5.6
2023-12-30,6.1,0.6
2023-12-31,1.1,0.0
2024-01-01,1.1,-4.9
2024-01-02,2.2,-4.9
2024-01-03,3.3,0.6
2024-01-04,3.9,-7.1
2024-01-05,-0.5,-8.2
2024-01-06,1.7,-1.0
2024-01-07,1.1,-2.7
2024-01-08,2.8,-8.8
2024-01-09,6.7,-10.5
2024-01-10,8.9,3.3
2024-01-11,5.0,1.7
2024-01-12,8.3,1.1
2024-01-13,10.0,2.2
2024-01-14,3.3,-6.0
2024-01-15,-1.0,-9.3
2024-01-16,-2.7,-6.6
2024-01-17,-4.9,-16.0
2024-01-18,-1.0,-16.0
2024-01-19,-2.1,-10.5
2024-01-20,-8.2,-13.2
2024-01-21,-5.5,-13.2
2024-01-22,3.9,-13.2
2024-01-23,4.4,1.1
2024-01-24,5.6,1.7
2024-01-25,8.9,3.3
2024-01-26,6.7,2.8
2024-01-27,5.0,2.8
2024-01-28,4.4,1.1
2024-01-29,1.7,-1.0
2024-01-30,0.6,-1.6
2024-01-31,2.8,-0.5
2024-02-01,3.3,1.1
2024-02-02,5.0,-1.0
2024-02-03,1.7,-2.7
2024-02-04,3.9,-5.5
2024-02-05,2.8,-7.1
2024-02-06,3.9,-8.2
2024-02-07,6.7,-7.7
2024-02-08,12.8,-4.9
2024-02-09,13.3,2.2
2024-02-10,15.6,-2.1
2024-02-11,7.8,-0.5
2024-02-12,3.3,-1.6
2024-02-13,2.8,-3.2
2024-02-14,1.1,-5.5
2024-02-15,2.8,-7.1
2024-02-16,2.2,-2.7
2024-02-17,-0.5,-6.0
2024-02-18,0.6,-11.0
2024-02-19,0.0,-7.7
2024-02-20,3.9,-13.2
2024-02-21,6.1,-9.3
2024-02-22,7.2,-4.3
2024-02-23,6.7,-2.1
2024-02-24,1.1,-8.2
2024-02-25,5.0,-11.0
2024-02-26,13.9,-2.1
2024-02-27,18.3,-1.0
2024-02-28,16.1,0.0
2024-02-29,0.0,-5.5
2024-03-01,7.8,-6.6
2024-03-02,10.0,0.6
2024-03-03,9.4,2.2
2024-03-04,13.3,2.8
2024-03-05,7.8,5.6
2024-03-06,16.1,3.9
2024-03-07,10.0,0.6
2024-03-08,14.4,-2.1
2024-03-09,5.6,2.2
2024-03-10,5.6,-0.5
2024-03-11,6.1,-2.1
2024-03-12,13.3,-0.5
2024-03-13,19.4,-2.7
2024-03-14,19.4,-0.5
2024-03-15,12.2,1.7
2024-03-16,13.3,0.0
2024-03-17,10.6,3.3
2024-03-18,5.0,0.6
2024-03-19,5.0,-0.5
2024-03-20,8.3,-2.1
2024-03-21,0.0,-5.5
2024-03-22,1.7,-6.6
2024-03-23,2.8,-3.8
2024-03-24,2.8,-7.1
2024-03-25,6.1,-8.2
2024-03-26,8.9,-0.5
2024-03-27,9.4,3.3
2024-03-28,7.8,4.4
2024-03-29,10.6,2.8
2024-03-30,11.7,2.2
2024-03-31,11.7,1.1
2024-04-01,15.6,-1.0
2024-04-02,10.6,0.6
2024-04-03,10.0,2.2
2024-04-04,3.9,0.6
2024-04-05,5.0,0.6
2024-04-06,7.2,1.7
2024-04-07,12.2,-1.0
2024-04-08,18.9,-3.2
2024-04-09,23.3,0.0
2024-04-10,14.4,10.0
2024-04-11,15.0,10.0
2024-04-12,20.0,12.2
2024-04-13,12.2,5.6
2024-04-14,11.7,5.0
2024-04-15,17.2,3.3
2024-04-16,18.3,0.0
2024-04-17,20.6,-0.5
2024-04-18,8.9,7.2
2024-04-19,17.8,7.2
2024-04-20,15.6,4.4
2024-04-21,8.3,-1.6
2024-04-22,13.3,0.0
2024-04-23,20.0,-2.1
2024-04-24,15.0,1.1
2024-04-25,12.8,-2.7
2024-04-26,16.7,-3.2
2024-04-27,19.4,-1.0
2024-04-28,25.6,6.1
2024-04-29,20.6,12.2
2024-04-30,23.3,11.7
2024-05-01,22.2,11.7
2024-05-02,23.9,9.4
2024-05-03,21.1,7.2
2024-05-04,21.7,7.2
2024-05-05,12.2,9.4
2024-05-06,23.3,10.6
2024-05-07,24.4,5.6
2024-05-08,26.1,8.9
2024-05-09,18.3,11.1
2024-05-10,16.7,7.2
2024-05-11,16.7,7.8
2024-05-12,13.3,7.8
2024-05-13,21.7,5.6
2024-05-14,27.2,12.2
2024-05-15,20.0,15.0
2024-05-16,20.6,10.6
2024-05-17,23.9,8.9
2024-05-18,22.8,13.9
2024-05-19,23.3,11.7
2024-05-20,28.9,10.0
2024-05-21,31.1,15.6
2024-05-22,31.7,14.4
2024-05-23,26.7,11.7
2024-05-24,26.7,7.8
2024-05-25,26.7,7.8
2024-05-26,28.9,13.9
2024-05-27,25.6,19.4
2024-05-28,24.4,15.0
2024-05-29,23.9,13.3
2024-05-30,20.6,6.7
2024-05-31,23.3,3.9
2024-06-01,26.7,6.1
2024-06-02,28.9,7.2
2024-06-03,29.4,12.8
2024-06-04,30.6,10.0
2024-06-05,30.6,15.0
2024-06-06,25.6,15.6
2024-06-07,26.7,14.4
2024-06-08,20.6,14.4
2024-06-09,21.1,12.8
2024-06-10,20.0,13.9
2024-06-11,20.6,13.9
2024-06-14,29.4,15.6
2024-06-15,25.0,10.0
2024-06-17,30.0,15.6
2024-06-18,33.3,17.2
2024-06-19,33.9,20.0
2024-06-20,33.9,19.4
2024-06-22,27.2,19.4
2024-06-23,31.1,19.4
2024-06-24,22.2,13.3
2024-06-25,29.4,11.1
2024-06-26,29.4,16.7
2024-06-27,25.0,9.4
2024-06-28,23.9,6.1
2024-06-29,24.4,13.9
2024-06-30,29.4,16.1
2024-07-01,25.0,10.6
2024-07-02,27.8,7.8
2024-07-03,27.8,13.3
2024-07-04,28.9,18.3
2024-07-05,29.4,21.7
2024-07-06,31.7,20.6
2024-07-07,30.0,17.8
2024-07-08,31.1,15.0
2024-07-09,31.1,18.9
2024-07-10,33.3,21.1
2024-07-11,28.9,21.1
2024-07-12,28.9,21.1
2024-07-13,31.1,18.9
2024-07-14,30.6,15.6
2024-07-15,32.2,17.8
2024-07-16,32.2,20.6
2024-07-17,31.1,18.3
2024-07-18,27.2,15.6
2024-07-19,25.6,11.7
2024-07-20,28.3,11.1
2024-07-21,27.2,13.3
2024-07-22,29.4,15.6
2024-07-23,26.1,19.4
2024-07-24,26.7,18.9
2024-07-25,25.6,17.8
2024-07-26,26.1,13.9
2024-07-27,27.2,11.1
2024-07-28,29.4,12.2
2024-07-29,25.0,17.8
2024-07-30,30.6,18.3
2024-07-31,28.9,22.8
2024-08-01,31.1,18.9
2024-08-02,31.7,17.2
2024-08-03,27.8,21.7
2024-08-04,28.3,20.6
2024-08-05,30.0,17.2
2024-08-06,22.8,16.1
2024-08-07,23.3,12.8
2024-08-08,21.1,12.2
2024-08-09,26.7,18.3
2024-08-20,18.3,11.7
2024-08-21,20.0,12.2
2024-08-22,22.2,11.1
2024-08-23,25.0,8.9
2024-08-24,26.1,9.4
2024-08-25,27.2,11.1
2024-08-26,27.2,12.2
2024-08-27,28.3,13.9
2024-08-28,28.3,17.2
2024-08-29,23.3,15.6
2024-08-30,22.8,13.9
2024-08-31,24.4,16.7
2024-09-01,28.3,17.8
2024-09-02,21.7,8.3
2024-09-03,21.1,4.4
2024-09-04,26.1,6.1
2024-09-05,25.6,8.3
2024-09-06,23.9,9.4
2024-09-07,21.7,11.1
2024-09-08,17.8,10.0
2024-09-09,21.1,7.2
2024-09-11,25.0,5.0
2024-09-12,26.7,7.2
2024-09-13,27.2,10.0
2024-09-14,28.3,10.6
2024-09-15,28.3,11.1
2024-09-16,28.3,10.6
2024-09-17,28.3,8.3
2024-09-18,26.7,7.8
2024-09-19,28.3,8.9
2024-09-20,23.3,9.4
2024-09-21,23.3,13.3
2024-09-22,21.1,10.6
2024-09-23,19.4,8.3
2024-09-24,18.9,5.6
2024-09-25,15.6,12.2
2024-09-26,17.8,13.3
2024-09-27,23.3,11.1
2024-09-28,23.9,10.6
2024-09-29,21.1,10.0
2024-09-30,24.4,11.1
2024-10-01,21.1,8.3
2024-10-02,18.9,12.2
2024-10-03,22.2,8.3
2024-10-04,23.9,7.2
2024-10-05,20.0,4.4
2024-10-06,21.1,1.1
2024-10-07,20.0,7.8
2024-10-08,16.7,2.2
2024-10-09,13.9,4.4
2024-10-10,12.2,5.6
2024-10-11,16.7,2.8
2024-10-12,18.3,1.7
2024-10-13,7.8,1.1
2024-10-14,12.2,3.3
2024-10-15,10.0,1.1
2024-10-16,11.1,-1.6
2024-10-17,14.4,-2.7
2024-10-18,17.2,-2.7
2024-10-19,20.6,-2.1
2024-10-20,22.2,-2.7
2024-10-21,25.6,1.1
2024-10-22,26.7,5.0
2024-10-23,25.0,10.6
2024-10-24,18.3,1.1
2024-10-25,14.4,-2.1
2024-10-26,15.0,5.0
2024-10-27,11.1,-4.3
2024-10-28,10.6,1.7
2024-10-29,11.1,0.6
2024-10-30,25.0,10.0
2024-10-31,25.6,8.3
2024-11-01,22.8,10.0
2024-11-02,10.0,3.3
2024-11-03,8.9,-4.9
2024-11-04,10.6,-4.9
2024-11-05,23.9,10.6
2024-11-06,23.9,12.8
2024-11-07,16.1,6.1
2024-11-08,13.9,0.0
2024-11-09,8.9,-3.8
2024-11-10,13.3,-5.5
2024-11-11,15.0,8.3
2024-11-12,10.6,0.0
2024-11-13,7.2,-6.6
2024-11-14,8.9,-8.2
2024-11-15,8.9,-4.9
2024-11-16,13.3,-4.3
2024-11-17,12.2,-4.9
2024-11-18,13.9,1.7
2024-11-19,11.1,-0.5
2024-11-20,16.1,1.1
2024-11-21,8.3,3.9
2024-11-22,6.1,3.3
2024-11-23,7.2,2.8
2024-11-24,6.7,2.8
2024-11-25,7.2,-3.2
2024-11-26,7.8,-1.0
2024-11-27,6.7,-3.8
2024-11-28,3.9,-1.6
2024-11-29,4.4,-4.3
2024-11-30,-0.5,-5.5
2024-12-01,-0.5,-9.3
2024-12-02,-0.5,-5.5
2024-12-03,0.6,-3.8
2024-12-04,1.7,-11.0
2024-12-05,1.7,-1.6
2024-12-06,-1.6,-6.0
2024-12-07,-0.5,-4.3
2024-12-08,5.6,-2.1
2024-12-09,7.2,-0.5
2024-12-10,4.4,2.8
2024-12-11,15.6,0.6
2024-12-12,2.8,-6.6
2024-12-13,-2.7,-9.3
2024-12-14,-1.0,-11.6
2024-12-15,0.6,-12.1
2024-12-16,8.9,-0.5
2024-12-17,11.7,2.8
2024-12-18,8.3,0.6
2024-12-19,2.8,-3.8
2024-12-20,-1.0,-3.8
2024-12-21,-3.8,-13.8
2024-12-22,-12.7,-21.6
2024-12-23,-4.9,-22.7
2024-12-24,-1.6,-4.9
2024-12-25,-3.8,-16.6
2024-12-26,-2.7,-18.8
2024-12-27,1.7,-17.7
2024-12-28,6.1,-4.3
2024-12-29,15.0,1.1
2024-12-30,15.0,5.0
2024-12-31,10.6,2.8
