Favorite icecream flavor ,Favorite planet,Height (in inches),Distance Home (in miles),Birthday month,Left or right handed? 
Chocolate,Mars,74,136,March,Right handed
Strawberry,Venus,65,168,January,Right handed
Purple Cow,Pluto* because liking Pluto is a protest move against Pluto no longer being designated a planet.,63,2584,May,Right handed
Purple Cow,Venus,66,166,October,Right handed
Purple Cow,Neptune,66.9291,6751,July,Right handed
Vanilla,Jupiter,69,169,October,Right handed
Vanilla,Mars,69,2953,August,Right handed
Chocolate,Mars,65,163,August,Right handed
Vanilla,Pluto* because liking Pluto is a protest move against Pluto no longer being designated a planet.,63,59,July,Right handed
Chocolate,Saturn,72,1246,September,Right handed
Strawberry,Earth,74,2648,June,Right handed
Chocolate,Saturn,70,2857,June,Right handed
Chocolate,Jupiter,63,164,February,Right handed
Chocolate,Jupiter,74,128,June,Right handed
Chocolate,Venus,64,27.8,January,Right handed
Chocolate,Pluto* because liking Pluto is a protest move against Pluto no longer being designated a planet.,69,169,March,Left handed
Strawberry,Jupiter,70.25,269,October,Right handed
Purple Cow,Earth,68,1451,September,Right handed
Mint chocolate chip,Neptune,65,1446,September,Right handed
Purple Cow,Pluto* because liking Pluto is a protest move against Pluto no longer being designated a planet.,71,185,April,Right handed
Mint chocolate chip,Neptune,75,852,September,Ambidextrous
Strawberry,Saturn,62,171,June,Right handed
Strawberry,Earth,71,183,August,Right handed
Vanilla,Earth,72,725,December,Right handed
Purple Cow,Neptune,66,159,July,Right handed
Vanilla,Earth,71,2473,July,Right handed
Vanilla,Mercury,72,159,April,Right handed
Strawberry,Earth,71,192,August,Right handed
Vanilla,Saturn,79,115,November,Right handed
Vanilla,Earth,71,235,August,Right handed
Chocolate,Mars,67,741,December,Right handed
Strawberry,Mercury,68,173,September,Left handed
