Geo,Time,Poverty percent
ago,2000,26.95
ago,2008,22.08
ago,2018,39.29
alb,1996,2.97
alb,2002,4.19
alb,2005,2.65
alb,2008,0.83
alb,2012,1.79
alb,2014,3.68
alb,2015,1.11
alb,2016,1.14
alb,2017,1.44
alb,2018,1.01
alb,2019,0.27
alb,2020,0.34
are,2013,0.0
are,2018,0.0
arm,1999,21.17
arm,2001,24.14
arm,2002,19.77
arm,2003,14.85
arm,2004,10.35
arm,2005,6.11
arm,2006,4.51
arm,2007,3.69
arm,2008,2.01
arm,2009,3.11
arm,2010,2.94
arm,2011,3.13
arm,2012,2.5
arm,2013,2.95
arm,2014,3.44
arm,2015,2.85
arm,2016,2.52
arm,2017,2.36
arm,2018,2.9
arm,2019,2.43
arm,2020,1.52
arm,2021,2.12
arm,2022,1.9
arm,2023,1.93
arm,2024,0.78
aus,1981,1.1
aus,1985,1.1
aus,1989,0.8
aus,1995,1.0
aus,2001,0.9
aus,2003,1.1
aus,2004,0.7
aus,2008,0.5
aus,2010,0.5
aus,2014,0.6
aus,2016,0.5
aus,2018,0.6
aus,2020,0.9
aut,1994,0.2
aut,1995,0.1
aut,1996,0.1
aut,1997,0.2
aut,1998,0.2
aut,1999,0.2
aut,2000,0.1
aut,2003,0.37
aut,2004,0.08
aut,2005,0.15
aut,2006,0.15
aut,2007,0.38
aut,2008,0.51
aut,2009,0.69
aut,2010,0.52
aut,2011,0.48
aut,2012,0.67
aut,2013,0.34
aut,2014,0.22
aut,2015,0.68
aut,2016,0.66
aut,2017,0.35
aut,2018,0.57
aut,2019,0.65
aut,2020,0.74
aut,2021,0.49
aut,2022,0.64
aut,2023,0.53
aze,1995,19.65
aze,2001,11.4
aze,2002,0.24
aze,2003,0.25
aze,2004,0.05
aze,2005,0.0
bdi,1992,84.98
bdi,1998,87.63
bdi,2006,81.5
bdi,2013,75.82
bdi,2020,74.2
bel,1985,0.3
bel,1988,0.7
bel,1992,0.9
bel,1995,0.6
bel,1997,0.4
bel,2000,0.3
bel,2003,0.39
bel,2004,0.05
bel,2005,0.25
bel,2006,0.19
bel,2007,0.17
bel,2008,0.12
bel,2009,0.12
bel,2010,0.14
bel,2011,0.18
bel,2012,0.17
bel,2013,0.14
bel,2014,0.08
bel,2015,0.14
bel,2016,0.06
bel,2017,0.17
bel,2018,0.09
bel,2019,0.11
bel,2020,0.09
bel,2021,0.04
bel,2022,0.02
bel,2023,0.09
ben,2003,70.46
ben,2011,68.41
ben,2015,65.82
ben,2018,37.18
ben,2021,27.22
bfa,1994,87.65
bfa,1998,86.44
bfa,2003,69.63
bfa,2009,67.17
bfa,2014,58.74
bfa,2018,47.68
bfa,2021,42.06
bgd,1983,47.15
bgd,1985,41.41
bgd,1988,51.11
bgd,1991,51.21
bgd,1995,43.39
bgd,2000,41.37
bgd,2005,32.32
bgd,2010,25.12
bgd,2016,19.51
bgd,2022,5.91
bgr,1992,0.0
bgr,2006,8.02
bgr,2007,2.49
bgr,2008,1.94
bgr,2009,1.76
bgr,2010,2.67
bgr,2011,3.45
bgr,2012,3.01
bgr,2013,3.27
bgr,2014,2.72
bgr,2015,4.58
bgr,2016,3.07
bgr,2017,2.0
bgr,2018,1.49
bgr,2019,1.63
bgr,2020,0.71
bgr,2021,1.23
bgr,2022,1.05
bgr,2023,1.01
bih,2001,0.64
bih,2004,0.4
bih,2007,0.72
bih,2011,0.92
bih,2015,1.18
bih,2021,0.27
blr,1998,38.25
blr,1999,33.75
blr,2000,26.51
blr,2001,14.72
blr,2002,10.44
blr,2003,8.68
blr,2004,4.26
blr,2005,2.44
blr,2006,1.06
blr,2007,1.06
blr,2008,0.52
blr,2009,0.54
blr,2010,0.17
blr,2011,0.05
blr,2012,0.08
blr,2013,0.02
blr,2014,0.0
blr,2015,0.0
blr,2016,0.0
blr,2017,0.03
blr,2018,0.02
blr,2019,0.0
blr,2020,0.0
blz,1995,18.36
blz,2018,1.04
bol,1997,18.6
bol,1999,24.58
bol,2000,28.25
bol,2001,22.32
bol,2002,23.89
bol,2004,13.25
bol,2005,18.68
bol,2006,15.91
bol,2007,12.07
bol,2008,10.57
bol,2009,10.04
bol,2011,6.93
bol,2012,7.88
bol,2013,6.76
bol,2014,5.6
bol,2015,6.21
bol,2016,7.17
bol,2017,6.41
bol,2018,4.7
bol,2019,3.14
bol,2020,4.25
bol,2021,3.05
bol,2022,3.27
bol,2023,2.82
bol,2024,2.05
bra,1981,30.69
bra,1982,30.97
bra,1983,37.73
bra,1984,36.94
bra,1985,32.42
bra,1986,16.68
bra,1987,25.5
bra,1988,28.14
bra,1989,25.65
bra,1990,30.34
bra,1992,29.4
bra,1993,28.2
bra,1995,19.51
bra,1996,20.65
bra,1997,20.38
bra,1998,19.13
bra,1999,20.02
bra,2001,17.55
bra,2002,16.19
bra,2003,17.13
bra,2004,15.33
bra,2005,13.66
bra,2006,11.37
bra,2007,10.79
bra,2008,9.12
bra,2009,8.44
bra,2011,7.12
bra,2012,6.39
bra,2013,5.38
bra,2014,4.77
bra,2015,5.38
bra,2016,6.49
bra,2017,6.96
bra,2018,6.91
bra,2019,7.03
bra,2020,2.77
bra,2021,7.46
bra,2022,4.85
bra,2023,3.8
bra,2024,3.01
brb,2016,1.68
btn,2003,23.09
btn,2007,12.03
btn,2012,3.65
btn,2017,2.61
btn,2022,0.01
bwa,1985,50.13
bwa,1993,42.12
bwa,2002,34.81
bwa,2009,21.07
bwa,2015,21.37
caf,1992,84.75
caf,2008,67.26
caf,2021,71.62
can,1971,2.5
can,1973,1.8
can,1975,1.7
can,1977,1.5
can,1979,1.3
can,1981,0.9
can,1982,0.8
can,1984,0.9
can,1985,0.7
can,1986,1.0
can,1987,0.6
can,1988,0.7
can,1989,1.3
can,1990,1.1
can,1991,1.3
can,1992,0.8
can,1993,1.2
can,1994,0.9
can,1995,0.8
can,1996,0.4
can,1997,0.4
can,1998,0.5
can,1999,0.4
can,2000,0.4
can,2001,0.3
can,2002,0.3
can,2003,0.3
can,2004,0.3
can,2005,0.3
can,2006,0.3
can,2007,0.2
can,2008,0.3
can,2009,0.3
can,2010,0.3
can,2011,0.3
can,2012,0.3
can,2013,0.5
can,2014,0.3
can,2015,0.4
can,2016,0.4
can,2017,0.4
can,2018,0.4
can,2019,0.4
can,2020,0.1
can,2021,0.2
can,2022,0.3
che,1982,0.7
che,1992,0.6
che,2000,0.1
che,2002,0.0
che,2004,0.1
che,2006,0.08
che,2007,0.07
che,2008,0.08
che,2009,0.04
che,2010,0.07
che,2011,0.01
che,2012,0.01
che,2013,0.04
che,2014,0.03
che,2015,0.03
che,2016,0.04
che,2017,0.02
che,2018,0.04
che,2019,0.02
che,2020,0.07
che,2021,0.04
che,2022,0.21
chl,1987,21.73
chl,1990,16.03
chl,1992,11.07
chl,1994,10.49
chl,1996,7.96
chl,1998,7.4
chl,2000,8.6
chl,2003,7.94
chl,2006,3.34
chl,2009,2.65
chl,2011,1.66
chl,2013,0.78
chl,2015,0.67
chl,2017,0.48
chl,2020,1.72
chl,2022,0.65
chl,2024,0.4
chn,1981,97.0
chn,1984,91.25
chn,1987,81.09
chn,1990,83.11
chn,1993,77.28
chn,1996,62.62
chn,1999,58.47
chn,2002,47.79
chn,2005,32.91
chn,2008,26.06
chn,2010,20.58
chn,2011,15.29
chn,2012,12.88
chn,2013,6.04
chn,2014,4.61
chn,2015,2.86
chn,2016,2.09
chn,2017,1.57
chn,2018,0.75
chn,2019,0.0
chn,2020,0.0
chn,2021,0.0
chn,2022,0.0
civ,1985,13.63
civ,1986,10.16
civ,1987,15.99
civ,1988,22.55
civ,1992,38.4
civ,1995,39.82
civ,1998,42.9
civ,2008,46.98
civ,2015,46.6
civ,2018,21.67
civ,2021,20.83
cmr,1996,56.48
cmr,2001,30.82
cmr,2007,36.02
cmr,2014,29.03
cmr,2021,26.69
cod,2004,94.89
cod,2012,78.9
cod,2020,85.32
cog,2005,54.45
cog,2011,39.22
col,1992,16.03
col,1996,24.79
col,1999,28.19
col,2000,23.92
col,2001,29.56
col,2002,21.23
col,2003,19.76
col,2004,19.21
col,2005,16.8
col,2008,16.25
col,2009,15.1
col,2010,13.34
col,2011,11.28
col,2012,12.73
col,2013,11.82
col,2014,10.94
col,2015,10.2
col,2016,10.05
col,2017,9.53
col,2018,9.83
col,2019,11.29
col,2020,15.76
col,2021,11.23
col,2022,9.27
col,2023,8.63
col,2024,8.5
com,2004,24.28
com,2014,31.36
com,2020,8.93
com,2024,5.07
cpv,2001,37.1
cpv,2007,26.16
cpv,2015,14.6
cri,1981,33.52
cri,1986,19.26
cri,1989,14.4
cri,1990,13.88
cri,1991,17.14
cri,1992,13.8
cri,1993,11.8
cri,1994,9.39
cri,1995,10.6
cri,1996,11.75
cri,1997,9.07
cri,1998,7.48
cri,1999,9.29
cri,2000,9.78
cri,2001,7.6
cri,2002,6.57
cri,2003,6.87
cri,2004,6.59
cri,2005,5.04
cri,2006,5.16
cri,2007,3.14
cri,2008,3.37
cri,2009,3.61
cri,2010,2.21
cri,2011,2.72
cri,2012,2.56
cri,2013,2.64
cri,2014,2.39
cri,2015,2.44
cri,2016,2.4
cri,2017,1.75
cri,2018,2.32
cri,2019,1.73
cri,2020,3.35
cri,2021,2.16
cri,2022,1.6
cri,2023,1.54
cri,2024,1.28
cyp,2004,0.09
cyp,2005,0.05
cyp,2006,0.02
cyp,2007,0.03
cyp,2008,0.01
cyp,2009,0.11
cyp,2010,0.06
cyp,2011,0.03
cyp,2012,0.0
cyp,2013,0.1
cyp,2014,0.1
cyp,2015,0.05
cyp,2016,0.08
cyp,2017,0.05
cyp,2018,0.08
cyp,2019,0.17
cyp,2020,0.02
cyp,2021,0.05
cyp,2022,0.01
cyp,2023,0.01
cze,1992,0.0
cze,1993,0.0
cze,1996,0.1
cze,2002,0.0
cze,2004,0.02
cze,2005,0.03
cze,2006,0.08
cze,2007,0.13
cze,2008,0.08
cze,2009,0.05
cze,2010,0.04
cze,2011,0.07
cze,2012,0.08
cze,2013,0.05
cze,2014,0.01
cze,2015,0.01
cze,2016,0.0
cze,2017,0.0
cze,2018,0.01
cze,2019,0.0
cze,2020,0.01
cze,2021,0.06
cze,2022,0.0
cze,2023,0.0
deu,1991,0.1
deu,1992,0.1
deu,1993,0.1
deu,1994,0.2
deu,1995,0.2
deu,1996,0.1
deu,1997,0.1
deu,1998,0.1
deu,1999,0.1
deu,2000,0.1
deu,2001,0.1
deu,2002,0.1
deu,2003,0.1
deu,2004,0.1
deu,2005,0.1
deu,2006,0.0
deu,2007,0.1
deu,2008,0.1
deu,2009,0.1
deu,2010,0.1
deu,2011,0.1
deu,2012,0.1
deu,2013,0.1
deu,2014,0.1
deu,2015,0.1
deu,2016,0.1
deu,2017,0.2
deu,2018,0.1
deu,2019,0.2
deu,2020,0.3
deu,2021,0.6
deu,2022,0.7
dji,2002,32.33
dji,2012,26.38
dji,2013,31.25
dji,2017,25.36
dnk,1987,0.6
dnk,1992,0.6
dnk,1995,0.1
dnk,2000,0.1
dnk,2003,0.37
dnk,2004,0.31
dnk,2005,0.28
dnk,2006,0.2
dnk,2007,0.09
dnk,2008,0.3
dnk,2009,0.57
dnk,2010,0.06
dnk,2011,0.0
dnk,2012,0.0
dnk,2013,0.31
dnk,2014,0.24
dnk,2015,0.18
dnk,2016,0.28
dnk,2017,0.14
dnk,2018,0.23
dnk,2019,0.27
dnk,2020,0.16
dnk,2021,0.15
dnk,2022,0.24
dnk,2023,0.36
dom,1986,8.72
dom,1989,20.96
dom,1992,9.98
dom,1996,7.96
dom,1997,8.14
dom,2000,8.26
dom,2001,6.58
dom,2002,9.0
dom,2003,10.68
dom,2004,14.63
dom,2005,9.85
dom,2006,8.12
dom,2007,7.83
dom,2008,7.14
dom,2009,6.33
dom,2010,5.55
dom,2011,5.34
dom,2012,5.43
dom,2013,4.43
dom,2014,4.13
dom,2015,3.27
dom,2016,2.96
dom,2017,1.52
dom,2018,1.1
dom,2019,1.01
dom,2020,1.3
dom,2021,1.27
dom,2022,0.96
dom,2023,1.27
dom,2024,0.78
dza,1988,12.26
dza,1995,11.81
dza,2011,0.0
ecu,1994,21.53
ecu,1999,26.93
ecu,2000,34.05
ecu,2003,18.86
ecu,2004,19.44
ecu,2005,15.38
ecu,2006,10.86
ecu,2007,10.94
ecu,2008,9.79
ecu,2009,9.33
ecu,2010,7.77
ecu,2011,6.44
ecu,2012,6.03
ecu,2013,4.49
ecu,2014,3.97
ecu,2015,4.77
ecu,2016,4.97
ecu,2017,4.28
ecu,2018,4.69
ecu,2019,4.65
ecu,2020,8.44
ecu,2021,5.28
ecu,2022,4.44
ecu,2023,4.68
ecu,2024,7.31
egy,1990,7.14
egy,1995,4.08
egy,1999,0.0
egy,2004,4.12
egy,2008,3.73
egy,2010,1.54
egy,2012,1.25
egy,2015,1.21
egy,2017,3.11
egy,2019,1.99
egy,2021,1.37
esp,1980,0.8
esp,1985,0.5
esp,1990,0.6
esp,1993,1.4
esp,1994,1.3
esp,1995,1.6
esp,1996,1.6
esp,1997,1.0
esp,1998,1.1
esp,1999,0.7
esp,2000,0.9
esp,2003,0.91
esp,2004,1.02
esp,2005,0.86
esp,2006,0.88
esp,2007,0.56
esp,2008,0.56
esp,2009,0.86
esp,2010,0.75
esp,2011,1.29
esp,2012,1.02
esp,2013,1.31
esp,2014,0.95
esp,2015,1.05
esp,2016,1.3
esp,2017,0.83
esp,2018,0.98
esp,2019,0.89
esp,2020,1.1
esp,2021,0.66
esp,2022,0.79
esp,2023,0.81
est,1993,1.62
est,2003,3.55
est,2004,1.59
est,2005,1.08
est,2006,1.09
est,2007,0.6
est,2008,0.55
est,2009,0.76
est,2010,1.05
est,2011,1.16
est,2012,1.05
est,2013,1.08
est,2014,0.99
est,2015,0.66
est,2016,0.59
est,2017,0.52
est,2018,0.42
est,2019,0.72
est,2020,0.41
est,2021,0.35
est,2022,0.5
est,2023,0.32
eth,1995,73.52
eth,1999,65.89
eth,2004,41.33
eth,2010,37.41
eth,2015,33.0
eth,2021,38.64
fin,1987,0.1
fin,1991,0.0
fin,1995,0.0
fin,2000,0.1
fin,2003,0.05
fin,2004,0.05
fin,2005,0.08
fin,2006,0.09
fin,2007,0.06
fin,2008,0.08
fin,2009,0.05
fin,2010,0.07
fin,2011,0.05
fin,2012,0.05
fin,2013,0.09
fin,2014,0.07
fin,2015,0.07
fin,2016,0.05
fin,2017,0.08
fin,2018,0.08
fin,2019,0.04
fin,2020,0.03
fin,2021,0.02
fin,2022,0.11
fin,2023,0.2
fji,2002,5.37
fji,2008,3.79
fji,2013,1.55
fji,2019,4.65
fra,1970,0.1
fra,1975,0.4
fra,1979,0.3
fra,1984,0.4
fra,1990,0.2
fra,1996,0.2
fra,1997,0.1
fra,1998,0.1
fra,1999,0.1
fra,2000,0.1
fra,2001,0.1
fra,2002,0.1
fra,2003,0.17
fra,2004,0.07
fra,2005,0.05
fra,2006,0.03
fra,2007,0.02
fra,2008,0.01
fra,2009,0.11
fra,2010,0.09
fra,2011,0.04
fra,2012,0.06
fra,2013,0.08
fra,2014,0.03
fra,2015,0.15
fra,2016,0.06
fra,2017,0.02
fra,2018,0.02
fra,2019,0.05
fra,2020,0.11
fra,2021,0.07
fra,2022,0.05
fra,2023,0.07
fsm,2005,15.75
fsm,2013,26.15
gab,2005,9.18
gab,2017,3.81
gbr,1968,0.2
gbr,1969,0.2
gbr,1970,0.1
gbr,1971,0.1
gbr,1972,0.2
gbr,1973,0.0
gbr,1974,0.2
gbr,1975,0.2
gbr,1976,0.1
gbr,1977,0.2
gbr,1978,0.1
gbr,1979,0.1
gbr,1980,0.1
gbr,1981,0.1
gbr,1982,0.1
gbr,1983,0.1
gbr,1984,0.1
gbr,1985,0.1
gbr,1986,0.3
gbr,1987,0.1
gbr,1988,0.1
gbr,1989,0.2
gbr,1990,0.1
gbr,1991,0.1
gbr,1992,0.1
gbr,1993,0.2
gbr,1994,0.4
gbr,1995,0.3
gbr,1996,0.2
gbr,1997,0.2
gbr,1998,0.3
gbr,1999,0.3
gbr,2000,0.3
gbr,2001,0.3
gbr,2002,0.3
gbr,2003,0.3
gbr,2004,0.3
gbr,2005,0.3
gbr,2006,0.3
gbr,2007,0.3
gbr,2008,0.4
gbr,2009,0.4
gbr,2010,0.3
gbr,2011,0.3
gbr,2012,0.4
gbr,2013,0.2
gbr,2014,0.4
gbr,2015,0.3
gbr,2016,0.4
gbr,2017,0.4
gbr,2018,0.4
gbr,2019,0.4
gbr,2020,0.5
gbr,2021,0.4
geo,1996,12.21
geo,1997,28.25
geo,1998,26.8
geo,1999,32.71
geo,2000,35.03
geo,2001,36.72
geo,2002,22.3
geo,2003,22.28
geo,2004,20.94
geo,2005,22.33
geo,2006,22.48
geo,2007,23.89
geo,2008,21.66
geo,2009,21.15
geo,2010,23.62
geo,2011,21.62
geo,2012,18.78
geo,2013,14.89
geo,2014,12.04
geo,2015,10.6
geo,2016,10.47
geo,2017,11.07
geo,2018,10.99
geo,2019,9.7
geo,2020,11.98
geo,2021,10.79
geo,2022,7.73
geo,2023,5.83
geo,2024,4.23
gha,1987,78.22
gha,1988,77.44
gha,1991,80.36
gha,1998,65.35
gha,2005,60.89
gha,2012,41.77
gha,2016,39.03
gin,1991,86.37
gin,1994,37.46
gin,2002,50.28
gin,2007,44.03
gin,2012,21.26
gin,2018,11.65
gmb,1998,78.01
gmb,2003,55.17
gmb,2010,34.23
gmb,2015,17.1
gmb,2020,22.0
gnb,1991,50.83
gnb,1993,52.82
gnb,2002,68.23
gnb,2010,75.71
gnb,2018,37.1
gnb,2021,39.86
gnq,2022,8.79
grc,1995,1.2
grc,2000,0.3
grc,2002,0.4
grc,2003,0.56
grc,2004,0.91
grc,2005,0.45
grc,2006,0.65
grc,2007,0.62
grc,2008,0.37
grc,2009,0.64
grc,2010,1.07
grc,2011,1.47
grc,2012,2.14
grc,2013,1.52
grc,2014,1.97
grc,2015,1.98
grc,2016,1.39
grc,2017,1.07
grc,2018,0.16
grc,2019,0.97
grc,2020,1.1
grc,2021,0.7
grc,2022,0.62
grc,2023,0.59
grd,2018,0.77
gtm,1986,47.39
gtm,1989,35.13
gtm,1998,13.39
gtm,2000,8.8
gtm,2006,10.52
gtm,2014,7.96
gtm,2023,9.66
guy,1992,33.28
guy,1998,13.01
hnd,1989,49.48
hnd,1990,51.67
hnd,1991,41.27
hnd,1992,36.49
hnd,1993,31.29
hnd,1994,32.94
hnd,1995,34.42
hnd,1996,38.16
hnd,1997,27.52
hnd,1998,32.31
hnd,1999,32.12
hnd,2001,26.54
hnd,2002,28.95
hnd,2003,34.0
hnd,2004,33.29
hnd,2005,31.34
hnd,2006,27.31
hnd,2007,22.01
hnd,2008,20.88
hnd,2009,18.06
hnd,2010,19.56
hnd,2011,20.08
hnd,2012,23.97
hnd,2013,20.79
hnd,2014,20.59
hnd,2015,19.93
hnd,2016,19.84
hnd,2017,19.33
hnd,2018,19.85
hnd,2019,18.78
hnd,2023,17.02
hnd,2024,15.72
hrv,1988,0.0
hrv,2009,1.01
hrv,2010,1.44
hrv,2011,0.99
hrv,2012,1.07
hrv,2013,1.21
hrv,2014,1.16
hrv,2015,0.7
hrv,2016,0.86
hrv,2017,0.62
hrv,2018,0.5
hrv,2019,0.36
hrv,2020,0.44
hrv,2021,0.34
hrv,2022,0.4
hrv,2023,0.26
hti,2001,75.11
hti,2012,65.1
hun,1987,0.0
hun,1989,0.0
hun,1991,2.1
hun,1993,0.0
hun,1994,1.9
hun,1999,0.6
hun,2004,0.26
hun,2005,1.02
hun,2006,0.2
hun,2007,0.25
hun,2008,0.09
hun,2009,0.11
hun,2010,0.17
hun,2011,0.17
hun,2012,0.48
hun,2013,0.46
hun,2014,0.98
hun,2015,0.97
hun,2016,1.57
hun,2017,0.92
idn,1984,86.25
idn,1987,86.81
idn,1990,78.59
idn,1993,78.0
idn,1996,68.15
idn,1998,82.83
idn,1999,66.21
idn,2000,65.68
idn,2001,62.27
idn,2002,46.84
idn,2003,45.55
idn,2004,45.41
idn,2005,41.09
idn,2006,46.83
idn,2007,41.08
idn,2008,38.01
idn,2009,37.88
idn,2010,34.1
idn,2011,31.22
idn,2012,26.58
idn,2013,27.17
idn,2014,25.66
idn,2015,21.59
idn,2016,18.05
idn,2017,14.76
idn,2018,12.47
idn,2019,10.85
idn,2020,9.85
idn,2021,8.56
idn,2022,7.85
idn,2023,6.72
idn,2024,5.39
ind,1977,59.7
ind,1983,50.87
ind,1987,51.78
ind,1993,47.48
ind,2004,46.42
ind,2009,34.58
ind,2011,27.12
ind,2022,5.25
irl,1987,1.3
irl,1994,0.4
irl,1995,0.4
irl,1996,0.2
irl,2000,0.2
irl,2002,0.3
irl,2003,0.23
irl,2004,0.08
irl,2005,0.06
irl,2006,0.47
irl,2007,0.13
irl,2008,0.2
irl,2009,0.58
irl,2010,0.75
irl,2011,0.67
irl,2012,0.54
irl,2013,0.74
irl,2014,0.45
irl,2015,0.43
irl,2016,0.34
irl,2017,0.3
irl,2018,0.1
irl,2019,0.06
irl,2020,0.18
irl,2021,0.13
irl,2022,0.2
irl,2023,0.08
irn,1986,21.81
irn,1990,21.61
irn,1994,15.76
irn,1998,15.16
irn,2005,4.46
irn,2006,4.46
irn,2009,4.93
irn,2011,2.26
irn,2012,1.77
irn,2013,1.9
irn,2014,3.3
irn,2015,2.99
irn,2016,2.97
irn,2017,2.67
irn,2018,3.15
irn,2019,4.28
irn,2020,4.64
irn,2021,3.71
irn,2022,2.81
irn,2023,2.49
irq,2006,0.57
irq,2012,0.56
irq,2023,0.55
isl,2003,0.04
isl,2004,0.17
isl,2005,0.04
isl,2006,0.18
isl,2007,0.08
isl,2008,0.06
isl,2009,0.1
isl,2010,0.15
isl,2011,0.19
isl,2012,0.03
isl,2013,0.09
isl,2014,0.0
isl,2015,0.03
isl,2016,0.0
isl,2017,0.0
isl,2018,0.27
isl,2019,0.08
isr,1979,0.3
isr,1986,0.5
isr,1992,0.2
isr,1997,0.6
isr,2001,0.4
isr,2002,0.8
isr,2003,0.9
isr,2004,1.0
isr,2005,0.9
isr,2006,0.5
isr,2007,0.6
isr,2008,0.7
isr,2009,0.9
isr,2010,0.6
isr,2011,0.3
isr,2012,0.8
isr,2013,0.6
isr,2014,0.6
isr,2015,0.5
isr,2016,0.5
isr,2017,0.7
isr,2018,0.7
isr,2019,0.9
isr,2020,0.7
isr,2021,0.6
isr,2022,0.4
ita,1977,0.3
ita,1978,0.5
ita,1979,0.5
ita,1980,0.2
ita,1981,0.1
ita,1982,0.1
ita,1983,0.2
ita,1984,0.2
ita,1986,0.4
ita,1987,1.1
ita,1989,0.1
ita,1991,0.3
ita,1993,1.5
ita,1995,0.7
ita,1998,1.7
ita,2000,1.3
ita,2002,1.7
ita,2003,0.88
ita,2004,0.79
ita,2005,0.8
ita,2006,0.76
ita,2007,0.79
ita,2008,0.85
ita,2009,1.08
ita,2010,1.41
ita,2011,1.26
ita,2012,1.41
ita,2013,1.61
ita,2014,1.45
ita,2015,2.05
ita,2016,1.78
ita,2017,1.54
ita,2018,1.7
ita,2019,1.04
ita,2020,0.88
ita,2021,0.87
ita,2022,0.68
ita,2023,0.93
jam,1988,13.76
jam,1990,11.63
jam,1993,20.54
jam,1996,8.28
jam,1999,5.72
jam,2002,6.41
jam,2004,4.54
jam,2018,0.42
jam,2021,1.39
jor,1986,0.0
jor,1992,1.14
jor,1997,0.0
jor,2002,1.03
jor,2006,0.29
jor,2008,0.12
jor,2010,0.1
jpn,2008,1.1
jpn,2009,0.8
jpn,2010,0.6
jpn,2011,0.5
jpn,2012,1.4
jpn,2013,0.9
jpn,2014,0.7
jpn,2015,0.4
jpn,2016,0.7
jpn,2017,0.6
jpn,2018,1.0
jpn,2019,1.3
jpn,2020,1.2
kaz,1993,14.64
kaz,1996,14.62
kaz,2001,20.68
kaz,2002,16.2
kaz,2003,12.27
kaz,2004,7.56
kaz,2005,14.56
kaz,2006,2.38
kaz,2007,1.05
kaz,2008,0.79
kaz,2009,0.78
kaz,2010,0.52
kaz,2011,0.23
kaz,2012,0.15
kaz,2013,0.08
kaz,2014,0.07
kaz,2015,0.1
kaz,2016,0.17
kaz,2017,0.12
kaz,2018,0.06
kaz,2019,0.08
kaz,2020,0.04
kaz,2021,0.04
ken,1992,32.04
ken,1994,31.99
ken,1997,32.58
ken,2005,44.56
ken,2015,37.65
ken,2020,44.43
ken,2021,46.45
ken,2022,45.48
kgz,2000,66.17
kgz,2001,61.51
kgz,2002,58.12
kgz,2003,56.64
kgz,2004,32.54
kgz,2005,36.57
kgz,2006,26.0
kgz,2007,23.35
kgz,2008,13.81
kgz,2009,9.81
kgz,2010,12.6
kgz,2011,9.35
kgz,2012,10.51
kgz,2013,13.47
kgz,2014,8.06
kgz,2015,10.99
kgz,2016,7.97
kgz,2017,8.19
kgz,2018,5.91
kgz,2019,4.92
kgz,2020,9.38
kgz,2021,5.65
kgz,2022,4.55
kgz,2023,2.74
kgz,2024,2.19
kir,2006,21.28
kir,2019,6.13
kir,2023,0.93
kor,2006,0.5
kor,2008,0.5
kor,2010,0.5
kor,2012,0.5
kor,2014,0.3
kor,2016,0.2
kor,2017,0.2
kor,2018,0.2
kor,2019,0.2
kor,2020,0.1
kor,2021,0.1
lao,1992,42.14
lao,1997,61.99
lao,2002,43.13
lao,2007,35.95
lao,2012,21.71
lao,2018,15.66
lao,2024,7.13
lbn,2011,0.06
lbn,2022,5.78
lbr,2007,61.07
lbr,2014,31.75
lbr,2016,33.56
lca,1995,41.52
lca,2015,6.4
lka,1985,28.25
lka,1990,23.37
lka,1995,23.03
lka,2002,20.71
lka,2006,12.16
lka,2009,7.81
lka,2012,6.36
lka,2016,3.81
lka,2019,2.71
lso,1986,63.22
lso,1994,59.75
lso,2002,74.86
lso,2017,41.86
ltu,1993,14.27
ltu,2004,3.98
ltu,2005,2.75
ltu,2006,1.85
ltu,2007,1.6
ltu,2008,1.81
ltu,2009,2.72
ltu,2010,1.98
ltu,2011,0.89
ltu,2012,1.05
ltu,2013,1.2
ltu,2014,1.72
ltu,2015,1.05
ltu,2016,1.48
ltu,2017,1.17
ltu,2018,0.98
ltu,2019,0.6
ltu,2020,0.47
ltu,2021,0.32
ltu,2022,0.8
ltu,2023,1.1
lux,1985,0.1
lux,1986,0.0
lux,1987,0.0
lux,1988,0.0
lux,1989,0.0
lux,1990,0.0
lux,1991,0.0
lux,1992,0.0
lux,1993,0.0
lux,1994,0.0
lux,1995,0.0
lux,1996,0.1
lux,1997,0.0
lux,1998,0.0
lux,1999,0.0
lux,2000,0.0
lux,2001,0.0
lux,2002,0.0
lux,2003,0.07
lux,2004,0.02
lux,2005,0.04
lux,2006,0.0
lux,2007,0.02
lux,2008,0.0
lux,2009,0.05
lux,2010,0.03
lux,2011,0.14
lux,2012,0.04
lux,2013,0.09
lux,2014,0.16
lux,2015,0.31
lux,2016,0.12
lux,2017,0.29
lux,2018,0.3
lux,2019,0.1
lux,2020,0.0
lux,2021,0.08
lux,2022,0.1
lux,2023,0.09
lva,1993,0.0
lva,1995,2.15
lva,1996,3.77
lva,2004,3.65
lva,2005,3.11
lva,2006,1.95
lva,2007,0.83
lva,2008,1.59
lva,2009,2.6
lva,2010,2.6
lva,2011,1.66
lva,2012,1.44
lva,2013,1.54
lva,2014,1.12
lva,2015,1.03
lva,2016,0.96
lva,2017,0.98
lva,2018,0.56
lva,2019,0.34
lva,2020,0.51
lva,2021,0.49
lva,2022,0.42
lva,2023,0.44
mar,1984,22.37
mar,1990,11.25
mar,1998,17.49
mar,2000,16.79
mar,2006,9.37
mar,2013,3.68
mda,1997,19.1
mda,1998,31.91
mda,1999,43.97
mda,2000,41.0
mda,2001,32.19
mda,2002,19.93
mda,2003,10.03
mda,2004,11.55
mda,2005,16.58
mda,2006,3.4
mda,2007,1.58
mda,2008,1.7
mda,2009,1.47
mda,2010,0.84
mda,2011,0.46
mda,2012,0.52
mda,2013,0.15
mda,2014,0.0
mda,2015,0.05
mda,2016,0.16
mda,2017,0.06
mda,2018,0.02
mda,2019,0.03
mda,2020,0.02
mda,2021,0.16
mda,2022,0.04
mda,2023,0.13
mdg,1980,61.73
mdg,1993,83.06
mdg,1997,80.67
mdg,1999,78.52
mdg,2001,57.46
mdg,2005,55.31
mdg,2010,65.29
mdg,2012,67.32
mdg,2021,69.17
mdv,2002,18.8
mdv,2009,13.11
mdv,2016,0.09
mdv,2019,0.0
mex,1984,14.95
mex,1989,14.77
mex,1992,13.32
mex,1994,13.65
mex,1996,21.69
mex,1998,21.89
mex,2000,16.34
mex,2002,12.8
mex,2004,11.05
mex,2005,11.66
mex,2006,9.04
mex,2008,10.08
mex,2010,8.41
mex,2012,7.29
mex,2014,7.2
mex,2016,4.44
mex,2018,3.89
mex,2020,4.26
mex,2022,2.33
mex,2024,1.65
mhl,2019,2.1
mkd,2009,12.12
mkd,2010,12.82
mkd,2011,10.93
mkd,2012,9.11
mkd,2013,7.38
mkd,2014,6.44
mkd,2015,7.0
mkd,2016,5.69
mkd,2017,5.64
mkd,2018,4.28
mkd,2019,3.94
mli,1994,89.36
mli,2001,68.55
mli,2006,63.98
mli,2009,63.34
mli,2018,29.38
mli,2021,36.1
mlt,2006,0.55
mlt,2007,0.53
mlt,2008,0.18
mlt,2009,0.48
mlt,2010,0.26
mlt,2011,0.21
mlt,2012,0.19
mlt,2013,0.03
mlt,2014,0.0
mlt,2015,0.08
mlt,2016,0.11
mlt,2017,0.16
mlt,2018,0.16
mlt,2019,0.3
mlt,2020,0.39
mlt,2021,0.12
mlt,2022,0.11
mlt,2023,0.39
mmr,2015,18.24
mmr,2017,10.27
mne,2012,5.6
mne,2013,5.17
mne,2014,3.86
mne,2015,3.61
mne,2016,3.32
mne,2017,4.65
mne,2018,3.91
mne,2019,2.49
mne,2020,2.24
mne,2021,2.49
mng,1995,22.14
mng,1998,39.71
mng,2002,18.7
mng,2007,4.0
mng,2010,3.5
mng,2011,2.19
mng,2012,1.08
mng,2014,0.78
mng,2016,1.94
mng,2018,1.69
mng,2022,0.44
moz,1996,87.69
moz,2002,87.57
moz,2008,81.13
moz,2014,74.39
moz,2019,81.63
moz,2022,81.36
mrt,1987,50.78
mrt,1993,54.14
mrt,1995,31.71
mrt,2000,30.67
mrt,2004,28.48
mrt,2008,19.24
mrt,2014,11.71
mrt,2019,10.22
mus,2006,1.12
mus,2012,1.07
mus,2017,0.54
mwi,1997,64.56
mwi,2004,74.4
mwi,2010,72.89
mwi,2016,71.65
mwi,2019,75.44
mys,1984,6.66
mys,1987,5.86
mys,1989,4.94
mys,1992,5.0
mys,1995,5.23
mys,1997,1.71
mys,2003,3.17
mys,2006,1.66
mys,2008,1.48
mys,2011,0.36
mys,2013,0.11
mys,2015,0.05
mys,2018,0.03
mys,2021,0.01
nam,1993,60.28
nam,2003,47.61
nam,2009,38.59
nam,2015,22.86
ner,1992,88.04
ner,1994,88.91
ner,2005,83.85
ner,2007,82.93
ner,2011,68.84
ner,2014,60.3
ner,2018,59.01
ner,2021,60.49
nga,1985,51.06
nga,1992,55.17
nga,1996,60.91
nga,2003,51.1
nga,2010,38.49
nga,2012,37.44
nga,2015,35.77
nga,2018,34.19
nga,2022,41.82
nic,1993,47.14
nic,1998,34.75
nic,2001,26.31
nic,2005,16.5
nic,2009,13.91
nic,2014,6.57
nld,1983,0.7
nld,1987,0.4
nld,1990,1.1
nld,1993,1.4
nld,1999,0.3
nld,2004,0.34
nld,2005,0.15
nld,2006,0.05
nld,2007,0.03
nld,2008,0.17
nld,2009,0.23
nld,2010,0.05
nld,2011,0.14
nld,2012,0.08
nld,2013,0.09
nld,2014,0.15
nld,2015,0.07
nld,2016,0.06
nld,2017,0.21
nld,2018,0.11
nld,2019,0.1
nld,2020,0.04
nld,2021,0.1
nor,1979,0.3
nor,1986,0.2
nor,1991,0.4
nor,1995,0.4
nor,2000,0.3
nor,2003,0.22
nor,2004,0.29
nor,2005,0.21
nor,2006,0.16
nor,2007,0.15
nor,2008,0.24
nor,2009,0.09
nor,2010,0.15
nor,2011,0.13
nor,2012,0.13
nor,2013,0.16
nor,2014,0.11
nor,2015,0.17
nor,2016,0.28
nor,2017,0.29
nor,2018,0.28
nor,2019,0.19
nor,2020,0.29
nor,2021,0.17
nor,2022,0.29
nor,2023,0.2
npl,1984,82.97
npl,1995,71.15
npl,2003,55.89
npl,2010,22.07
npl,2022,2.44
nru,2012,9.72
pak,1987,80.63
pak,1990,79.46
pak,1996,45.32
pak,1998,50.28
pak,2001,56.25
pak,2004,40.87
pak,2005,40.81
pak,2007,34.87
pak,2010,26.66
pak,2011,25.93
pak,2013,21.25
pak,2015,16.91
pak,2018,16.52
pak,2024,22.96
pan,1979,15.65
pan,1989,29.77
pan,1991,27.12
pan,1995,21.12
pan,1997,19.91
pan,1998,19.77
pan,1999,17.72
pan,2000,16.35
pan,2001,20.78
pan,2002,17.21
pan,2003,16.8
pan,2004,15.54
pan,2005,14.54
pan,2006,15.72
pan,2007,12.97
pan,2008,9.0
pan,2009,6.65
pan,2010,7.66
pan,2011,6.08
pan,2012,7.44
pan,2013,5.92
pan,2014,6.38
pan,2015,4.78
pan,2016,4.8
pan,2017,4.28
pan,2018,3.75
pan,2019,2.92
pan,2021,3.3
pan,2023,3.73
pan,2024,3.13
per,1997,26.86
per,1998,25.71
per,1999,26.3
per,2000,25.54
per,2001,27.4
per,2002,24.39
per,2003,22.46
per,2004,23.55
per,2005,25.38
per,2006,21.85
per,2007,18.89
per,2008,15.81
per,2009,13.67
per,2010,11.2
per,2011,10.34
per,2012,9.53
per,2013,8.62
per,2014,7.99
per,2015,7.96
per,2016,7.47
per,2017,7.31
per,2018,6.08
per,2019,5.42
per,2020,10.31
per,2021,5.19
per,2022,4.84
per,2023,5.88
per,2024,5.14
phl,1985,43.34
phl,1988,41.0
phl,1991,40.64
phl,1994,38.75
phl,1997,30.73
phl,2000,28.79
phl,2003,26.26
phl,2006,27.86
phl,2009,23.44
phl,2012,24.94
phl,2015,18.94
phl,2018,13.41
phl,2021,15.7
phl,2023,11.53
png,1996,62.8
png,2009,52.21
pol,1985,0.0
pol,1986,0.6
pol,1987,0.0
pol,1989,0.0
pol,1992,0.2
pol,1995,2.6
pol,1999,0.9
pol,2004,2.85
pol,2005,1.38
pol,2006,0.93
pol,2007,0.58
pol,2008,0.32
pol,2009,0.55
pol,2010,0.57
pol,2011,0.56
pol,2012,0.43
pol,2013,0.57
pol,2014,0.57
pol,2015,0.52
pol,2016,0.36
pol,2017,0.42
pol,2018,0.31
pol,2019,0.1
pol,2020,0.19
pol,2021,0.11
pol,2022,0.32
pol,2023,0.24
prt,2003,1.08
prt,2004,0.66
prt,2005,0.7
prt,2006,0.18
prt,2007,0.61
prt,2008,0.35
prt,2009,0.17
prt,2010,0.22
prt,2011,0.62
prt,2012,0.88
prt,2013,1.04
prt,2014,0.78
prt,2015,0.73
prt,2016,0.41
prt,2017,0.44
prt,2018,0.38
prt,2019,0.18
prt,2020,0.64
prt,2021,0.33
prt,2022,0.22
prt,2023,0.41
pry,1990,2.55
pry,1995,18.3
pry,1997,14.91
pry,1999,15.04
pry,2001,13.47
pry,2002,19.59
pry,2003,13.83
pry,2004,10.72
pry,2005,10.05
pry,2006,14.08
pry,2007,12.56
pry,2008,7.91
pry,2009,9.13
pry,2010,9.38
pry,2011,8.94
pry,2012,6.44
pry,2013,4.11
pry,2014,4.27
pry,2015,4.21
pry,2016,4.17
pry,2017,2.38
pry,2018,3.07
pry,2019,2.44
pry,2020,2.56
pry,2021,1.86
pry,2022,3.23
pry,2023,2.39
pry,2024,2.11
pse,2004,1.75
pse,2005,1.26
pse,2006,0.47
pse,2007,2.93
pse,2009,0.61
pse,2010,0.65
pse,2011,0.37
pse,2016,1.38
pse,2023,2.07
qat,2017,0.0
rou,1989,0.0
rou,1992,0.0
rou,1994,18.41
rou,1995,3.5
rou,1997,4.2
rou,2006,11.08
rou,2007,8.14
rou,2008,6.05
rou,2009,5.35
rou,2010,6.29
rou,2011,7.12
rou,2012,8.37
rou,2013,8.74
rou,2014,8.89
rou,2015,7.6
rou,2016,5.22
rou,2017,4.9
rou,2018,3.74
rou,2019,3.09
rou,2020,2.43
rou,2021,2.03
rou,2022,1.45
rou,2023,0.7
rus,1993,6.22
rus,1996,7.13
rus,1997,2.73
rus,1998,4.0
rus,1999,7.22
rus,2000,5.13
rus,2001,3.18
rus,2002,2.03
rus,2003,2.13
rus,2004,1.81
rus,2005,1.42
rus,2006,0.91
rus,2007,0.45
rus,2008,0.18
rus,2009,0.16
rus,2010,0.19
rus,2011,0.1
rus,2012,0.09
rus,2013,0.06
rus,2014,0.05
rus,2015,0.09
rus,2016,0.06
rus,2017,0.1
rus,2018,0.1
rus,2019,0.08
rus,2020,0.04
rwa,2000,82.31
rwa,2005,74.16
rwa,2010,70.16
rwa,2013,65.24
rwa,2016,63.84
rwa,2023,38.55
sdn,2009,13.09
sdn,2014,10.1
sen,1991,77.33
sen,1994,72.21
sen,2001,63.9
sen,2005,53.57
sen,2011,53.29
sen,2018,19.15
sen,2021,17.89
slb,2005,62.19
slb,2012,40.3
sle,2003,72.35
sle,2011,53.7
sle,2018,41.49
slv,1989,24.76
slv,1991,28.93
slv,1995,19.31
slv,1996,21.24
slv,1998,26.35
slv,1999,22.43
slv,2000,18.44
slv,2001,19.4
slv,2002,19.54
slv,2003,20.94
slv,2004,16.32
slv,2005,16.43
slv,2006,12.62
slv,2007,9.19
slv,2008,12.63
slv,2009,12.36
slv,2010,11.36
slv,2011,10.09
slv,2012,8.54
slv,2013,7.14
slv,2014,6.95
slv,2015,5.3
slv,2016,5.77
slv,2017,4.55
slv,2018,4.07
slv,2019,2.98
slv,2021,5.13
slv,2022,5.21
slv,2023,4.64
srb,2012,7.15
srb,2013,7.83
srb,2014,8.88
srb,2015,8.41
srb,2016,8.09
srb,2017,6.65
srb,2018,4.15
srb,2019,2.72
srb,2020,2.04
srb,2021,1.7
srb,2022,2.04
srb,2023,1.09
ssd,2009,44.88
ssd,2016,76.5
stp,2000,17.28
stp,2010,18.95
stp,2017,13.01
sur,2022,2.18
svk,1992,0.1
svk,1996,1.8
svk,2004,0.2
svk,2005,0.25
svk,2006,0.32
svk,2007,0.57
svk,2008,0.52
svk,2009,0.61
svk,2010,0.6
svk,2011,0.61
svk,2012,0.5
svk,2013,0.44
svk,2014,0.89
svk,2015,0.8
svk,2016,1.54
svk,2017,0.58
svk,2018,0.51
svk,2019,0.23
svk,2020,0.3
svk,2021,0.34
svk,2022,0.7
svk,2023,0.45
svn,1987,0.0
svn,1993,0.0
svn,1997,0.1
svn,1999,0.2
svn,2004,0.11
svn,2005,0.12
svn,2006,0.08
svn,2007,0.04
svn,2008,0.0
svn,2009,0.02
svn,2010,0.01
svn,2011,0.0
svn,2012,0.03
svn,2013,0.02
svn,2014,0.0
svn,2015,0.0
svn,2016,0.0
svn,2017,0.0
svn,2018,0.0
svn,2019,0.0
svn,2020,0.0
svn,2021,0.0
svn,2022,0.0
svn,2023,0.0
swe,1975,0.5
swe,1981,0.4
swe,1987,0.2
swe,1992,0.2
swe,1995,0.5
swe,2000,0.1
swe,2001,0.2
swe,2002,0.1
swe,2003,0.35
swe,2004,0.45
swe,2005,1.14
swe,2006,0.41
swe,2007,0.46
swe,2008,0.66
swe,2009,0.53
swe,2010,0.64
swe,2011,0.66
swe,2012,0.47
swe,2013,0.65
swe,2014,0.53
swe,2015,0.65
swe,2016,0.42
swe,2017,0.27
swe,2018,0.86
swe,2019,0.36
swe,2020,0.45
swe,2021,0.64
swe,2022,1.27
swe,2023,0.84
swz,1994,89.3
swz,2000,64.99
swz,2009,58.22
swz,2016,44.53
syc,1999,1.76
syc,2006,0.61
syc,2013,1.58
syc,2018,0.67
syr,1996,1.16
syr,2003,0.46
syr,2006,0.0
syr,2009,0.0
syr,2022,17.96
tcd,2003,66.7
tcd,2011,45.2
tcd,2018,41.86
tcd,2022,39.48
tgo,2006,67.65
tgo,2011,65.49
tgo,2015,61.7
tgo,2018,35.31
tgo,2021,34.66
tha,1981,31.0
tha,1988,26.71
tha,1990,21.05
tha,1992,16.21
tha,1994,9.25
tha,1996,6.42
tha,1998,5.72
tha,1999,8.32
tha,2000,8.43
tha,2002,4.66
tha,2004,3.09
tha,2006,2.22
tha,2007,1.28
tha,2008,0.99
tha,2009,0.79
tha,2010,0.71
tha,2011,0.3
tha,2012,0.39
tha,2013,0.21
tha,2014,0.23
tha,2015,0.13
tha,2016,0.14
tha,2017,0.1
tha,2018,0.11
tha,2019,0.13
tha,2020,0.06
tha,2021,0.03
tha,2022,0.02
tha,2023,0.0
tha,2024,0.01
tjk,1999,79.44
tjk,2003,56.01
tjk,2004,37.16
tjk,2007,24.19
tjk,2009,15.71
tjk,2015,13.33
tjk,2021,9.07
tjk,2022,8.85
tjk,2023,7.29
tjk,2024,6.13
tkm,1998,35.08
tls,2001,55.71
tls,2007,60.13
tls,2014,44.03
ton,2000,4.57
ton,2009,3.64
ton,2015,3.99
ton,2021,0.41
tto,1988,0.59
tto,1992,3.24
tun,1985,21.61
tun,1990,16.29
tun,1995,17.36
tun,2000,10.51
tun,2005,5.9
tun,2010,3.13
tun,2015,0.66
tun,2021,0.65
tur,1987,9.01
tur,1994,10.05
tur,2002,7.63
tur,2003,10.02
tur,2004,6.58
tur,2005,6.54
tur,2006,4.82
tur,2007,3.97
tur,2008,3.27
tur,2009,2.98
tur,2010,2.81
tur,2011,2.0
tur,2012,1.7
tur,2013,1.52
tur,2014,1.02
tur,2015,1.33
tur,2016,0.9
tur,2017,1.13
tur,2018,1.0
tur,2019,1.28
tur,2020,1.14
tur,2021,0.94
tur,2022,0.53
tur,2023,0.18
tuv,2010,8.99
twn,1981,0.1
twn,1986,0.1
twn,1991,0.0
twn,1995,0.5
twn,1997,0.0
twn,2000,0.0
twn,2005,0.0
twn,2007,0.0
twn,2010,0.2
twn,2013,0.1
twn,2016,0.1
twn,2017,0.1
twn,2018,0.1
twn,2019,0.1
twn,2020,0.1
twn,2021,0.1
tza,1991,73.46
tza,2000,86.94
tza,2007,61.88
tza,2011,51.53
tza,2018,51.35
uga,1989,72.77
uga,1992,79.89
uga,1996,78.55
uga,1999,80.61
uga,2002,78.58
uga,2005,72.4
uga,2009,63.55
uga,2012,56.16
uga,2016,60.11
uga,2019,59.78
ukr,1992,8.07
ukr,1993,5.11
ukr,1995,14.5
ukr,1996,15.24
ukr,2002,6.26
ukr,2003,3.24
ukr,2004,2.79
ukr,2005,1.11
ukr,2006,0.67
ukr,2007,0.46
ukr,2008,0.13
ukr,2009,0.32
ukr,2010,0.13
ukr,2011,0.07
ukr,2012,0.14
ukr,2013,0.05
ukr,2014,0.03
ukr,2015,0.27
ukr,2016,0.25
ukr,2017,0.08
ukr,2018,0.24
ukr,2019,0.18
ukr,2020,0.03
ury,2006,1.02
ury,2007,0.74
ury,2008,0.41
ury,2009,0.44
ury,2010,0.29
ury,2011,0.25
ury,2012,0.27
ury,2013,0.31
ury,2014,0.21
ury,2015,0.22
ury,2016,0.13
ury,2017,0.12
ury,2018,0.09
ury,2019,0.13
ury,2020,0.28
ury,2021,0.15
ury,2022,0.24
ury,2023,0.17
ury,2024,0.17
usa,1963,1.6
usa,1964,1.5
usa,1965,1.3
usa,1966,1.2
usa,1967,1.1
usa,1968,0.9
usa,1969,0.7
usa,1970,1.1
usa,1971,0.9
usa,1972,0.8
usa,1973,0.8
usa,1974,0.9
usa,1975,0.7
usa,1976,0.7
usa,1977,0.6
usa,1978,0.6
usa,1979,0.7
usa,1980,0.6
usa,1981,0.6
usa,1982,0.8
usa,1983,0.7
usa,1984,0.6
usa,1985,0.6
usa,1986,0.6
usa,1987,0.6
usa,1988,0.5
usa,1989,0.5
usa,1990,0.5
usa,1991,0.6
usa,1992,0.6
usa,1993,0.6
usa,1994,0.7
usa,1995,0.7
usa,1996,0.7
usa,1997,0.8
usa,1998,0.9
usa,1999,0.7
usa,2000,0.8
usa,2001,0.9
usa,2002,0.9
usa,2003,1.0
usa,2004,1.1
usa,2005,1.0
usa,2006,1.1
usa,2007,1.0
usa,2008,1.1
usa,2009,1.0
usa,2010,1.1
usa,2011,1.1
usa,2012,1.1
usa,2013,1.1
usa,2014,1.3
usa,2015,1.2
usa,2016,1.2
usa,2017,1.3
usa,2018,1.1
usa,2019,1.0
usa,2020,0.4
usa,2021,0.3
usa,2022,1.4
usa,2023,1.2
usa,2024,1.1
uzb,2021,4.37
uzb,2022,4.39
uzb,2023,4.07
uzb,2024,2.72
ven,1981,11.33
ven,1987,12.28
ven,1989,7.26
ven,1992,6.88
ven,1995,15.14
ven,1998,14.86
ven,1999,16.7
ven,2001,14.74
ven,2002,22.14
ven,2003,27.12
ven,2004,22.76
ven,2005,18.11
ven,2006,9.71
vnm,1992,57.46
vnm,1997,38.14
vnm,2002,43.31
vnm,2004,30.85
vnm,2006,23.74
vnm,2008,17.55
vnm,2010,5.22
vnm,2012,3.72
vnm,2014,3.41
vnm,2016,2.51
vnm,2018,2.24
vnm,2020,1.3
vnm,2022,1.6
vut,2010,25.71
vut,2019,19.5
wsm,2002,5.89
wsm,2008,3.74
wsm,2013,4.46
yem,1998,14.13
yem,2005,22.47
yem,2014,33.3
zaf,1993,44.62
zaf,2000,47.91
zaf,2005,40.7
zaf,2008,37.01
zaf,2010,27.84
zaf,2014,27.9
zaf,2022,17.44
zmb,1991,62.98
zmb,1993,67.06
zmb,1996,56.06
zmb,1998,56.62
zmb,2002,67.98
zmb,2004,68.93
zmb,2006,71.96
zmb,2010,71.37
zmb,2015,67.89
zmb,2022,71.66
zwe,2011,35.72
zwe,2017,44.66
zwe,2019,49.22
