REGION,NAME,2023,2024,BIRTHS,DEATHS,MIGRATION,OTHER
3,Alabama,5117673,5157699,57541,59273,41791,-33
4,Alaska,736510,740133,9014,5642,255,-4
4,Arizona,7473027,7582384,78322,68662,99388,309
3,Arkansas,3069463,3088354,35161,35888,19617,1
4,California,39198693,39431263,400601,290135,121482,622
4,Colorado,5901339,5957493,62497,45203,38649,211
1,Connecticut,3643023,3675069,34609,32778,30154,61
3,Delaware,1036423,1051917,10437,10458,15438,77
3,District of Columbia,687324,702250,7746,4985,12165,0
3,Florida,22904868,23372215,220659,227980,475339,-671
3,Georgia,11064432,11180878,125502,97250,88409,-215
4,Hawaii,1441387,1446146,14682,12411,2572,-84
4,Idaho,1971122,2001619,22830,16635,24282,20
2,Illinois,12642259,12710158,125355,114343,56720,167
2,Indiana,6880131,6924275,79422,70263,35120,-135
2,Iowa,3218414,3241488,36301,32472,19208,37
2,Kansas,2951500,2970606,33963,28731,13829,45
3,Kentucky,4550595,4588372,52248,53140,38724,-55
3,Louisiana,4588071,4597740,53787,49828,5737,-27
1,Maine,1399646,1405012,11609,16766,10525,-2
3,Maryland,6217062,6263220,65609,54005,34591,-37
1,Massachusetts,7066568,7136171,67851,61133,62737,148
2,Michigan,10083356,10140459,99589,102444,59952,6
2,Minnesota,5753048,5793151,61438,49658,28379,-56
3,Mississippi,2943172,2943045,33859,35843,1850,7
2,Missouri,6208038,6245466,67589,66068,35858,49
4,Montana,1131302,1137233,11268,11256,5916,3
2,Nebraska,1987864,2005465,24443,18308,11480,-14
4,Nevada,3214363,3267467,31951,28893,49858,188
1,New Hampshire,1402199,1409032,11777,14140,9179,17
1,New Jersey,9379642,9500851,101199,75189,95138,61
4,New Mexico,2121164,2130256,20833,22270,10532,-3
1,New York,19737367,19867248,205289,161588,86244,-64
3,North Carolina,10881189,11046024,121281,108649,152080,123
2,North Dakota,789047,796568,9592,6867,4835,-39
2,Ohio,11824034,11883304,126575,127000,59916,-221
3,Oklahoma,4063882,4095393,47642,44506,28394,-19
4,Oregon,4253653,4272371,38788,42519,22428,21
1,Pennsylvania,13017721,13078751,127571,136882,70601,-260
1,Rhode Island,1103429,1112308,9924,10286,9220,21
3,South Carolina,5387830,5478831,57999,58516,91277,241
2,South Dakota,918305,924669,11311,8723,3748,28
3,Tennessee,7148304,7227750,83223,79865,76124,-36
3,Texas,30727890,31290831,388115,229362,404836,-648
4,Utah,3443222,3503613,45695,21709,36353,52
1,Vermont,648708,648493,5039,6762,1513,-5
3,Virginia,8734685,8811195,93593,78443,61439,-79
4,Washington,7857320,7958180,82072,65635,84252,171
3,West Virginia,1770495,1769979,16680,24524,7361,-33
2,Wisconsin,5930405,5960975,59445,57405,28478,52
4,Wyoming,585067,587618,6037,5634,2146,2
0,Puerto Rico,3203792,3203295,18219,33920,15204,0
