Date,NEI,NEI-PTER
1994-03-01,9.703857815293379,10.9201153000453
1994-06-01,9.352813011010781,10.567567054458
1994-09-01,9.15430395901056,10.2636448307692
1994-12-01,8.900465208252578,10.0181037138181
1995-03-01,8.887440455086699,9.99238710037123
1995-06-01,8.95450944501702,10.077823403239
1995-09-01,8.97083059491071,10.1215598513969
1995-12-01,8.97186362181141,10.0811182793964
1996-03-01,8.85383389375014,9.951040558432693
1996-06-01,8.713727728457,9.78650858070651
1996-09-01,8.56745482643842,9.65236820184543
1996-12-01,8.62341804738446,9.703370176628487
1997-03-01,8.531108947408041,9.54352869951796
1997-06-01,8.377599165951581,9.36076152097683
1997-09-01,8.284192083224411,9.26352361004075
1997-12-01,8.17943589110292,9.12207239002999
1998-03-01,8.09993212425403,9.039383143074629
1998-06-01,8.013136607387,8.93488203545549
1998-09-01,7.9943056224285,8.83404868426604
1998-12-01,7.886796948976819,8.711099609178321
1999-03-01,7.85980847781518,8.71578830263003
1999-06-01,7.899819037324029,8.71865957569382
1999-09-01,7.83312116607437,8.62513824010257
1999-12-01,7.65337612862352,8.43399184514431
2000-03-01,7.73331021409453,8.49382536034172
2000-06-01,7.6281214971879505,8.37801370812775
2000-09-01,7.6351006856616594,8.39475973150894
2000-12-01,7.6394756184984605,8.38915938116349
2001-03-01,7.821971967553118,8.58536911967743
2001-06-01,8.13998379903082,9.02036968770993
2001-09-01,8.38097570914227,9.360070922714453
2001-12-01,8.841679374276751,9.84905527541534
2002-03-01,8.806623790625231,9.75114336332085
2002-06-01,8.78681009704191,9.723449906266747
2002-09-01,8.70412448692996,9.69553040782816
2002-12-01,8.750238719126619,9.728122949074947
2003-03-01,8.93351648907344,9.99193734995504
2003-06-01,9.000253286509501,10.0466935821446
2003-09-01,8.934276238885351,10.0356860787573
2003-12-01,8.77223274904442,9.83976664351526
2004-03-01,8.79149702295408,9.85967386647118
2004-06-01,8.63273115876238,9.63222289912912
2004-09-01,8.580384269218321,9.58499473163402
2004-12-01,8.5574461306103,9.54620317479101
2005-03-01,8.49230352714504,9.471745800653093
2005-06-01,8.406603919559009,9.3912354390579
2005-09-01,8.37857578212042,9.41306520593986
2005-12-01,8.35555890403897,9.25726946780434
2006-03-01,8.13638071108419,9.01132807906837
2006-06-01,8.08413754093902,9.025436043518592
2006-09-01,8.09576430686678,9.01191272913443
2006-12-01,8.009200184780239,8.91496561281973
2007-03-01,7.9030100760964705,8.826701735763521
2007-06-01,8.104670896043618,9.035475236054213
2007-09-01,8.1946102941699,9.18989124267764
2007-12-01,8.280194014266819,9.26174268074339
2008-03-01,8.39981415665515,9.45282268999172
2008-06-01,8.638868358406029,9.8229664710758
2008-09-01,9.055641336852368,10.3810710352586
2008-12-01,9.71895016273139,11.4203231955638
2009-03-01,10.5636072339999,12.5030710870868
2009-06-01,10.8980486762256,12.8253533870293
2009-09-01,10.8210808638419,12.6795400620007
2009-12-01,10.8521142998836,12.758157035201002
2010-03-01,10.7474700313103,12.684956155514602
2010-06-01,10.4052017244527,12.2266021666245
2010-09-01,10.5714320497093,12.4651602378521
2010-12-01,10.4736868485583,12.3345885787584
2011-03-01,10.253488556506,12.0627288201812
2011-06-01,10.413584768041,12.1875506576837
2011-09-01,10.2991960304146,12.14007543349
2011-12-01,10.0913051747619,11.7860838770888
2012-03-01,9.962349137506061,11.5730265329113
2012-06-01,9.96115659940593,11.6313590101526
2012-09-01,9.79152135109302,11.5047045887915
2012-12-01,9.876500434784349,11.5021922443545
2013-03-01,9.7439466198051,11.3154423750941
2013-06-01,9.72914037964151,11.3786562946491
2013-09-01,9.456935148009828,11.0358394919977
2013-12-01,9.25480030964135,10.8419082020922
2014-03-01,9.230195638233461,10.7242781939682
2014-06-01,9.026120672893649,10.5233133931879
2014-09-01,9.00154424645664,10.407690501145
2014-12-01,8.80542288643862,10.1780732274591
2015-03-01,8.737763017424841,10.0538140965828
2015-06-01,8.6644578674276,9.930833168202753
2015-09-01,8.543625217719422,9.7346094841854
2015-12-01,8.44313405186033,9.64522388737166
2016-03-01,8.37037086853765,9.5616694630915
2016-06-01,8.30986887105148,9.43486354486472
2016-09-01,8.42927524806403,9.583431411562051
2016-12-01,8.268857266816019,9.36802485287313
2017-03-01,8.099826348145191,9.16946178289256
2017-06-01,7.94624100375412,8.972905138924169
2017-09-01,7.851272302594629,8.85099743929954
2017-12-01,7.8560809076490115,8.82947121757427
2018-03-01,7.794105197160251,8.76010476643721
2018-06-01,7.6938833408277905,8.61829910766702
2018-09-01,7.595123659058849,8.480590401966479
2018-12-01,7.639509982812809,8.54557482509609
2019-03-01,7.648354845028431,8.52071509070095
2019-06-01,7.47677085503179,8.33144986526352
2019-09-01,7.253038862939619,8.0702401875635
2019-12-01,7.2792499699392605,8.08810147963685
2020-03-01,8.184564618785249,9.2897555878591
2020-06-01,12.5028806392695,14.264817127576098
2020-09-01,10.2743535553412,11.4891781478865
2020-12-01,9.21625103512966,10.4057534059206
2021-03-01,8.83898938762434,9.94210780993438
2021-06-01,8.5647510673166,9.49611865713544
2021-09-01,8.006573710076578,8.85258574967439
2021-12-01,7.61824854427809,8.38361692858153
2022-03-01,7.62143986928268,8.40182622876902
2022-06-01,7.485827123893809,8.2309710970108
2022-09-01,7.445738729828791,8.169741267675889
2022-12-01,7.37177828888127,8.11635185062655
2023-03-01,7.370397571295889,8.130083503168061
2023-06-01,7.395738864437649,8.24232373561137
2023-09-01,7.43007508248184,8.19392714875439
2023-12-01,7.553912639484139,8.34618809370078
2024-03-01,7.5164769179215805,8.30848800750512
2024-06-01,7.56653406961713,8.41183820691392
2024-09-01,7.589074873983341,8.46271157903321
2024-12-01,7.5802946531097986,8.3900161003471
2025-03-01,7.770892472989459,8.63419057770567
2025-06-01,7.75222686415212,8.62153996891953
2025-09-01,7.784211292183939,8.63799769511149
2025-12-01,7.734939224394861,8.705230796487939
2026-03-01,7.52508383722756,8.29267924818691
2026-06-01,7.729863558446381,8.69194607091998
